-- common-components-boot Altibase DATA (shtdb.sql 정본에서 생성)
-- ============================================================

INSERT INTO IDS (TABLE_NAME, NEXT_ID) VALUES ('BBS_ID', 1);
INSERT INTO IDS (TABLE_NAME, NEXT_ID) VALUES ('COMMENT_NO', 1);
INSERT INTO IDS (TABLE_NAME, NEXT_ID) VALUES ('FILE_ID', 1);
INSERT INTO IDS (TABLE_NAME, NEXT_ID) VALUES ('SAMPLE', 1);
INSERT INTO IDS (TABLE_NAME, NEXT_ID) VALUES ('SCHDUL_ID', 1);
INSERT INTO IDS (TABLE_NAME, NEXT_ID) VALUES ('TMPLAT_ID', 1);
INSERT INTO COMTECOPSEQ (TABLE_NAME, NEXT_ID) VALUES ('USRCNFRM_ID', 20);
INSERT INTO TB_CMMN_CL_CODE (CL_CODE, CL_CODE_NM, CL_CODE_DC, USE_AT, FRST_REGIST_PNTTM, FRST_REGISTER_ID, LAST_UPDT_PNTTM, LAST_UPDUSR_ID) VALUES ('LET', '전자정부 프레임워크 경량환경 템플릿', '전자정부 프레임워크 경량환경 템플릿', 'Y', '2011-08-31 00:00:00.000000000', 'SYSTEM', '2011-08-31 00:00:00.000000000', 'SYSTEM');
INSERT INTO TB_CMMN_CODE (CODE_ID, CODE_ID_NM, CODE_ID_DC, USE_AT, CL_CODE, FRST_REGIST_PNTTM, FRST_REGISTER_ID, LAST_UPDT_PNTTM, LAST_UPDUSR_ID) VALUES ('COM001', '등록구분', '게시판, 커뮤니티, 동호회 등록구분코드', 'Y', 'LET', '2011-08-31 00:00:00.000000000', 'SYSTEM', '2011-08-31 00:00:00.000000000', 'SYSTEM');
INSERT INTO TB_CMMN_CODE (CODE_ID, CODE_ID_NM, CODE_ID_DC, USE_AT, CL_CODE, FRST_REGIST_PNTTM, FRST_REGISTER_ID, LAST_UPDT_PNTTM, LAST_UPDUSR_ID) VALUES ('COM003', '업무구분', '업무구분코드', 'Y', 'LET', '2011-08-31 00:00:00.000000000', 'SYSTEM', '2011-08-31 00:00:00.000000000', 'SYSTEM');
INSERT INTO TB_CMMN_CODE (CODE_ID, CODE_ID_NM, CODE_ID_DC, USE_AT, CL_CODE, FRST_REGIST_PNTTM, FRST_REGISTER_ID, LAST_UPDT_PNTTM, LAST_UPDUSR_ID) VALUES ('COM004', '게시판유형', '게시판유형구분코드', 'Y', 'LET', '2011-08-31 00:00:00.000000000', 'SYSTEM', '2011-08-31 00:00:00.000000000', 'SYSTEM');
INSERT INTO TB_CMMN_CODE (CODE_ID, CODE_ID_NM, CODE_ID_DC, USE_AT, CL_CODE, FRST_REGIST_PNTTM, FRST_REGISTER_ID, LAST_UPDT_PNTTM, LAST_UPDUSR_ID) VALUES ('COM005', '템플릿유형', '템플릿유형구분코드', 'Y', 'LET', '2011-08-31 00:00:00.000000000', 'SYSTEM', '2011-08-31 00:00:00.000000000', 'SYSTEM');
INSERT INTO TB_CMMN_CODE (CODE_ID, CODE_ID_NM, CODE_ID_DC, USE_AT, CL_CODE, FRST_REGIST_PNTTM, FRST_REGISTER_ID, LAST_UPDT_PNTTM, LAST_UPDUSR_ID) VALUES ('COM009', '게시판속성', '게시판 속성', 'Y', 'LET', '2011-08-31 00:00:00.000000000', 'SYSTEM', '2011-08-31 00:00:00.000000000', 'SYSTEM');
INSERT INTO TB_CMMN_CODE (CODE_ID, CODE_ID_NM, CODE_ID_DC, USE_AT, CL_CODE, FRST_REGIST_PNTTM, FRST_REGISTER_ID, LAST_UPDT_PNTTM, LAST_UPDUSR_ID) VALUES ('COM019', '일정중요도', '일정중요도 낮음/보통/높음 상태구분', 'Y', 'LET', '2011-08-31 00:00:00.000000000', 'SYSTEM', '2011-08-31 00:00:00.000000000', 'SYSTEM');
INSERT INTO TB_CMMN_CODE (CODE_ID, CODE_ID_NM, CODE_ID_DC, USE_AT, CL_CODE, FRST_REGIST_PNTTM, FRST_REGISTER_ID, LAST_UPDT_PNTTM, LAST_UPDUSR_ID) VALUES ('COM030', '일정구분', '일정구분 코드', 'Y', 'LET', '2011-08-31 00:00:00.000000000', 'SYSTEM', '2011-08-31 00:00:00.000000000', 'SYSTEM');
INSERT INTO TB_CMMN_CODE (CODE_ID, CODE_ID_NM, CODE_ID_DC, USE_AT, CL_CODE, FRST_REGIST_PNTTM, FRST_REGISTER_ID, LAST_UPDT_PNTTM, LAST_UPDUSR_ID) VALUES ('COM031', '반복구분', '일정 반복구분 코드', 'Y', 'LET', '2011-08-31 00:00:00.000000000', 'SYSTEM', '2011-08-31 00:00:00.000000000', 'SYSTEM');
INSERT INTO TB_CMMN_CODE (CODE_ID, CODE_ID_NM, CODE_ID_DC, USE_AT, CL_CODE, FRST_REGIST_PNTTM, FRST_REGISTER_ID, LAST_UPDT_PNTTM, LAST_UPDUSR_ID) VALUES ('COM017', '휴일구분', '휴일구분 코드', 'Y', 'LET', '2011-08-31 00:00:00.000000000', 'SYSTEM', '2011-08-31 00:00:00.000000000', 'SYSTEM');
INSERT INTO TB_CMMN_DETAIL_CODE (CODE_ID, CODE, CODE_NM, CODE_DC, USE_AT, FRST_REGIST_PNTTM, FRST_REGISTER_ID, LAST_UPDT_PNTTM, LAST_UPDUSR_ID) VALUES ('COM001', 'REGC01', '단일 게시판 이용등록', '단일 게시판 이용등록', 'Y', '2011-08-31 00:00:00.000000000', 'SYSTEM', '2011-08-31 00:00:00.000000000', 'SYSTEM');
INSERT INTO TB_CMMN_DETAIL_CODE (CODE_ID, CODE, CODE_NM, CODE_DC, USE_AT, FRST_REGIST_PNTTM, FRST_REGISTER_ID, LAST_UPDT_PNTTM, LAST_UPDUSR_ID) VALUES ('COM001', 'REGC07', '게시판사용자등록', '게시판사용자등록', 'Y', '2011-08-31 00:00:00.000000000', 'SYSTEM', '2011-08-31 00:00:00.000000000', 'SYSTEM');
INSERT INTO TB_CMMN_DETAIL_CODE (CODE_ID, CODE, CODE_NM, CODE_DC, USE_AT, FRST_REGIST_PNTTM, FRST_REGISTER_ID, LAST_UPDT_PNTTM, LAST_UPDUSR_ID) VALUES ('COM003', 'BBS', '게시판', '게시판', 'Y', '2011-08-31 00:00:00.000000000', 'SYSTEM', '2011-08-31 00:00:00.000000000', 'SYSTEM');
INSERT INTO TB_CMMN_DETAIL_CODE (CODE_ID, CODE, CODE_NM, CODE_DC, USE_AT, FRST_REGIST_PNTTM, FRST_REGISTER_ID, LAST_UPDT_PNTTM, LAST_UPDUSR_ID) VALUES ('COM004', 'BBST01', '일반게시판', '일반게시판', 'Y', '2011-08-31 00:00:00.000000000', 'SYSTEM', '2011-08-31 00:00:00.000000000', 'SYSTEM');
INSERT INTO TB_CMMN_DETAIL_CODE (CODE_ID, CODE, CODE_NM, CODE_DC, USE_AT, FRST_REGIST_PNTTM, FRST_REGISTER_ID, LAST_UPDT_PNTTM, LAST_UPDUSR_ID) VALUES ('COM004', 'BBST02', '익명게시판', '익명게시판', 'Y', '2011-08-31 00:00:00.000000000', 'SYSTEM', '2011-08-31 00:00:00.000000000', 'SYSTEM');
INSERT INTO TB_CMMN_DETAIL_CODE (CODE_ID, CODE, CODE_NM, CODE_DC, USE_AT, FRST_REGIST_PNTTM, FRST_REGISTER_ID, LAST_UPDT_PNTTM, LAST_UPDUSR_ID) VALUES ('COM004', 'BBST03', '공지게시판', '공지게시판', 'Y', '2011-08-31 00:00:00.000000000', 'SYSTEM', '2011-08-31 00:00:00.000000000', 'SYSTEM');
INSERT INTO TB_CMMN_DETAIL_CODE (CODE_ID, CODE, CODE_NM, CODE_DC, USE_AT, FRST_REGIST_PNTTM, FRST_REGISTER_ID, LAST_UPDT_PNTTM, LAST_UPDUSR_ID) VALUES ('COM004', 'BBST04', '방명록', '방명록', 'Y', '2011-08-31 00:00:00.000000000', 'SYSTEM', '2011-08-31 00:00:00.000000000', 'SYSTEM');
INSERT INTO TB_CMMN_DETAIL_CODE (CODE_ID, CODE, CODE_NM, CODE_DC, USE_AT, FRST_REGIST_PNTTM, FRST_REGISTER_ID, LAST_UPDT_PNTTM, LAST_UPDUSR_ID) VALUES ('COM005', 'TMPT01', '게시판템플릿', '게시판템플릿', 'Y', '2011-08-31 00:00:00.000000000', 'SYSTEM', '2011-08-31 00:00:00.000000000', 'SYSTEM');
INSERT INTO TB_CMMN_DETAIL_CODE (CODE_ID, CODE, CODE_NM, CODE_DC, USE_AT, FRST_REGIST_PNTTM, FRST_REGISTER_ID, LAST_UPDT_PNTTM, LAST_UPDUSR_ID) VALUES ('COM009', 'BBSA01', '유효게시판', '유효게시판', 'Y', '2011-08-31 00:00:00.000000000', 'SYSTEM', '2011-08-31 00:00:00.000000000', 'SYSTEM');
INSERT INTO TB_CMMN_DETAIL_CODE (CODE_ID, CODE, CODE_NM, CODE_DC, USE_AT, FRST_REGIST_PNTTM, FRST_REGISTER_ID, LAST_UPDT_PNTTM, LAST_UPDUSR_ID) VALUES ('COM009', 'BBSA02', '갤러리', '갤러리', 'Y', '2011-08-31 00:00:00.000000000', 'SYSTEM', '2011-08-31 00:00:00.000000000', 'SYSTEM');
INSERT INTO TB_CMMN_DETAIL_CODE (CODE_ID, CODE, CODE_NM, CODE_DC, USE_AT, FRST_REGIST_PNTTM, FRST_REGISTER_ID, LAST_UPDT_PNTTM, LAST_UPDUSR_ID) VALUES ('COM009', 'BBSA03', '일반게시판', '일반게시판', 'Y', '2011-08-31 00:00:00.000000000', 'SYSTEM', '2011-08-31 00:00:00.000000000', 'SYSTEM');
INSERT INTO TB_CMMN_DETAIL_CODE (CODE_ID, CODE, CODE_NM, CODE_DC, USE_AT, FRST_REGIST_PNTTM, FRST_REGISTER_ID, LAST_UPDT_PNTTM, LAST_UPDUSR_ID) VALUES ('COM019', 'A', '높음', '높음', 'Y', '2011-08-31 00:00:00.000000000', 'SYSTEM', '2011-08-31 00:00:00.000000000', 'SYSTEM');
INSERT INTO TB_CMMN_DETAIL_CODE (CODE_ID, CODE, CODE_NM, CODE_DC, USE_AT, FRST_REGIST_PNTTM, FRST_REGISTER_ID, LAST_UPDT_PNTTM, LAST_UPDUSR_ID) VALUES ('COM019', 'B', '보통', '보통', 'Y', '2011-08-31 00:00:00.000000000', 'SYSTEM', '2011-08-31 00:00:00.000000000', 'SYSTEM');
INSERT INTO TB_CMMN_DETAIL_CODE (CODE_ID, CODE, CODE_NM, CODE_DC, USE_AT, FRST_REGIST_PNTTM, FRST_REGISTER_ID, LAST_UPDT_PNTTM, LAST_UPDUSR_ID) VALUES ('COM019', 'C', '낮음', '낮음', 'Y', '2011-08-31 00:00:00.000000000', 'SYSTEM', '2011-08-31 00:00:00.000000000', 'SYSTEM');
INSERT INTO TB_CMMN_DETAIL_CODE (CODE_ID, CODE, CODE_NM, CODE_DC, USE_AT, FRST_REGIST_PNTTM, FRST_REGISTER_ID, LAST_UPDT_PNTTM, LAST_UPDUSR_ID) VALUES ('COM030', '1', '회의', '회의', 'Y', '2011-08-31 00:00:00.000000000', 'SYSTEM', '2011-08-31 00:00:00.000000000', 'SYSTEM');
INSERT INTO TB_CMMN_DETAIL_CODE (CODE_ID, CODE, CODE_NM, CODE_DC, USE_AT, FRST_REGIST_PNTTM, FRST_REGISTER_ID, LAST_UPDT_PNTTM, LAST_UPDUSR_ID) VALUES ('COM030', '2', '세미나', '세미나', 'Y', '2011-08-31 00:00:00.000000000', 'SYSTEM', '2011-08-31 00:00:00.000000000', 'SYSTEM');
INSERT INTO TB_CMMN_DETAIL_CODE (CODE_ID, CODE, CODE_NM, CODE_DC, USE_AT, FRST_REGIST_PNTTM, FRST_REGISTER_ID, LAST_UPDT_PNTTM, LAST_UPDUSR_ID) VALUES ('COM030', '3', '강의', '강의', 'Y', '2011-08-31 00:00:00.000000000', 'SYSTEM', '2011-08-31 00:00:00.000000000', 'SYSTEM');
INSERT INTO TB_CMMN_DETAIL_CODE (CODE_ID, CODE, CODE_NM, CODE_DC, USE_AT, FRST_REGIST_PNTTM, FRST_REGISTER_ID, LAST_UPDT_PNTTM, LAST_UPDUSR_ID) VALUES ('COM030', '4', '교육', '교육', 'Y', '2011-08-31 00:00:00.000000000', 'SYSTEM', '2011-08-31 00:00:00.000000000', 'SYSTEM');
INSERT INTO TB_CMMN_DETAIL_CODE (CODE_ID, CODE, CODE_NM, CODE_DC, USE_AT, FRST_REGIST_PNTTM, FRST_REGISTER_ID, LAST_UPDT_PNTTM, LAST_UPDUSR_ID) VALUES ('COM030', '5', '기타', '기타', 'Y', '2011-08-31 00:00:00.000000000', 'SYSTEM', '2011-08-31 00:00:00.000000000', 'SYSTEM');
INSERT INTO TB_CMMN_DETAIL_CODE (CODE_ID, CODE, CODE_NM, CODE_DC, USE_AT, FRST_REGIST_PNTTM, FRST_REGISTER_ID, LAST_UPDT_PNTTM, LAST_UPDUSR_ID) VALUES ('COM031', '1', '당일', '당일', 'Y', '2011-08-31 00:00:00.000000000', 'SYSTEM', '2011-08-31 00:00:00.000000000', 'SYSTEM');
INSERT INTO TB_CMMN_DETAIL_CODE (CODE_ID, CODE, CODE_NM, CODE_DC, USE_AT, FRST_REGIST_PNTTM, FRST_REGISTER_ID, LAST_UPDT_PNTTM, LAST_UPDUSR_ID) VALUES ('COM031', '2', '반복', '반복', 'Y', '2011-08-31 00:00:00.000000000', 'SYSTEM', '2011-08-31 00:00:00.000000000', 'SYSTEM');
INSERT INTO TB_CMMN_DETAIL_CODE (CODE_ID, CODE, CODE_NM, CODE_DC, USE_AT, FRST_REGIST_PNTTM, FRST_REGISTER_ID, LAST_UPDT_PNTTM, LAST_UPDUSR_ID) VALUES ('COM031', '3', '연속', '연속', 'Y', '2011-08-31 00:00:00.000000000', 'SYSTEM', '2011-08-31 00:00:00.000000000', 'SYSTEM');
INSERT INTO TB_CMMN_DETAIL_CODE (CODE_ID, CODE, CODE_NM, CODE_DC, USE_AT, FRST_REGIST_PNTTM, FRST_REGISTER_ID, LAST_UPDT_PNTTM, LAST_UPDUSR_ID) VALUES ('COM031', '4', '요일반복', '요일반복', 'Y', '2011-08-31 00:00:00.000000000', 'SYSTEM', '2011-08-31 00:00:00.000000000', 'SYSTEM');
INSERT INTO TB_CMMN_DETAIL_CODE (CODE_ID, CODE, CODE_NM, CODE_DC, USE_AT, FRST_REGIST_PNTTM, FRST_REGISTER_ID, LAST_UPDT_PNTTM, LAST_UPDUSR_ID) VALUES ('COM017', 'RES001', '국경일', '국경일', 'Y', '2011-08-31 00:00:00.000000000', 'SYSTEM', '2011-08-31 00:00:00.000000000', 'SYSTEM');
INSERT INTO TB_CMMN_DETAIL_CODE (CODE_ID, CODE, CODE_NM, CODE_DC, USE_AT, FRST_REGIST_PNTTM, FRST_REGISTER_ID, LAST_UPDT_PNTTM, LAST_UPDUSR_ID) VALUES ('COM017', 'RES002', '공휴일', '공휴일', 'Y', '2011-08-31 00:00:00.000000000', 'SYSTEM', '2011-08-31 00:00:00.000000000', 'SYSTEM');
INSERT INTO TB_CMMN_DETAIL_CODE (CODE_ID, CODE, CODE_NM, CODE_DC, USE_AT, FRST_REGIST_PNTTM, FRST_REGISTER_ID, LAST_UPDT_PNTTM, LAST_UPDUSR_ID) VALUES ('COM017', 'RES003', '기념일', '기념일', 'Y', '2011-08-31 00:00:00.000000000', 'SYSTEM', '2011-08-31 00:00:00.000000000', 'SYSTEM');
INSERT INTO TB_RESTDE (RESTDE_NO, RESTDE_DE, RESTDE_NM, RESTDE_DC, RESTDE_SE_CODE, FRST_REGIST_PNTTM, FRST_REGISTER_ID, LAST_UPDT_PNTTM, LAST_UPDUSR_ID) VALUES (1, '20260101', '신정', '새해 첫날', 'RES002', '2026-01-01 00:00:00.000000000', 'SYSTEM', NULL, NULL);
INSERT INTO TB_RESTDE (RESTDE_NO, RESTDE_DE, RESTDE_NM, RESTDE_DC, RESTDE_SE_CODE, FRST_REGIST_PNTTM, FRST_REGISTER_ID, LAST_UPDT_PNTTM, LAST_UPDUSR_ID) VALUES (2, '20260301', '삼일절', '3.1절', 'RES001', '2026-01-01 00:00:00.000000000', 'SYSTEM', NULL, NULL);
INSERT INTO TB_RESTDE (RESTDE_NO, RESTDE_DE, RESTDE_NM, RESTDE_DC, RESTDE_SE_CODE, FRST_REGIST_PNTTM, FRST_REGISTER_ID, LAST_UPDT_PNTTM, LAST_UPDUSR_ID) VALUES (3, '20260505', '어린이날', '어린이날', 'RES002', '2026-01-01 00:00:00.000000000', 'SYSTEM', NULL, NULL);
INSERT INTO TB_RESTDE (RESTDE_NO, RESTDE_DE, RESTDE_NM, RESTDE_DC, RESTDE_SE_CODE, FRST_REGIST_PNTTM, FRST_REGISTER_ID, LAST_UPDT_PNTTM, LAST_UPDUSR_ID) VALUES (4, '20260606', '현충일', '현충일', 'RES003', '2026-01-01 00:00:00.000000000', 'SYSTEM', NULL, NULL);
INSERT INTO TB_RESTDE (RESTDE_NO, RESTDE_DE, RESTDE_NM, RESTDE_DC, RESTDE_SE_CODE, FRST_REGIST_PNTTM, FRST_REGISTER_ID, LAST_UPDT_PNTTM, LAST_UPDUSR_ID) VALUES (5, '20260815', '광복절', '광복절', 'RES001', '2026-01-01 00:00:00.000000000', 'SYSTEM', NULL, NULL);
INSERT INTO TB_ORGNZT_INFO (ORGNZT_ID, ORGNZT_NM, ORGNZT_DC, FRST_REGIST_PNTTM, FRST_REGISTER_ID, LAST_UPDT_PNTTM, LAST_UPDUSR_ID) VALUES ('ORGNZT_0000000000000', '기본조직', '기본조직', '2011-08-31 00:00:00.000000000', 'SYSTEM', '2011-08-31 00:00:00.000000000', 'SYSTEM');
INSERT INTO TB_AUTHOR_GROUP_INFO (GROUP_ID, GROUP_NM, GROUP_CREAT_DE, GROUP_DC, FRST_REGIST_PNTTM, FRST_REGISTER_ID, LAST_UPDT_PNTTM, LAST_UPDUSR_ID) VALUES ('GROUP_00000000000000', 'ROLE_ADMIN', '2024-07-31', '관리자 그룹입니다', '2024-07-31 00:00:00.000000000', 'SYSTEM', '2024-07-31 00:00:00.000000000', 'SYSTEM');
INSERT INTO TB_AUTHOR_GROUP_INFO (GROUP_ID, GROUP_NM, GROUP_CREAT_DE, GROUP_DC, FRST_REGIST_PNTTM, FRST_REGISTER_ID, LAST_UPDT_PNTTM, LAST_UPDUSR_ID) VALUES ('GROUP_00000000000001', 'ROLE_USER', '2024-07-31', '사용자 그룹입니다', '2024-07-31 00:00:00.000000000', 'SYSTEM', '2024-07-31 00:00:00.000000000', 'SYSTEM');
INSERT INTO TB_EMPLYR_INFO (EMPLYR_ID, ORGNZT_ID, USER_NM, PASSWORD, EMPL_NO, IHIDNUM, SEXDSTN_CODE, BRTHDY, FXNUM, HOUSE_ADRES, PASSWORD_HINT, PASSWORD_CNSR, HOUSE_END_TELNO, AREA_NO, DETAIL_ADRES, ZIP, OFFM_TELNO, MBTLNUM, EMAIL_ADRES, OFCPS_NM, HOUSE_MIDDLE_TELNO, GROUP_ID, PSTINST_CODE, EMPLYR_STTUS_CODE, ESNTL_ID, CRTFC_DN_VALUE, SBSCRB_DE, FRST_REGIST_PNTTM, FRST_REGISTER_ID, LAST_UPDT_PNTTM, LAST_UPDUSR_ID) VALUES ('admin', 'ORGNZT_0000000000000', '관리자', 'JfQ7FIatlaE5jj7rPYO8QBABX8yb7bNbQy4AKY1QIfc=', '', '', 'F', '', '', '관리자 주소', '', '', '', '', '', '', '', '', '', '', '', 'GROUP_00000000000000', '00000000', 'P', 'USRCNFRM_00000000000', '', '2011-08-31 00:00:00.000000000', '2011-08-31 00:00:00.000000000', 'SYSTEM', '2011-08-31 00:00:00.000000000', 'SYSTEM');
INSERT INTO TB_EMPLYR_INFO (EMPLYR_ID, ORGNZT_ID, USER_NM, PASSWORD, EMPL_NO, IHIDNUM, SEXDSTN_CODE, BRTHDY, FXNUM, HOUSE_ADRES, PASSWORD_HINT, PASSWORD_CNSR, HOUSE_END_TELNO, AREA_NO, DETAIL_ADRES, ZIP, OFFM_TELNO, MBTLNUM, EMAIL_ADRES, OFCPS_NM, HOUSE_MIDDLE_TELNO, GROUP_ID, PSTINST_CODE, EMPLYR_STTUS_CODE, ESNTL_ID, CRTFC_DN_VALUE, SBSCRB_DE, FRST_REGIST_PNTTM, FRST_REGISTER_ID, LAST_UPDT_PNTTM, LAST_UPDUSR_ID) VALUES ('user', 'ORGNZT_0000000000000', '사용자', 'CgQblGLKpKMbrDVn4Lbm/ZEAeH2yq0M9lvbReMq/zpA=', '', '', 'F', '', '', '사용자 주소', '', '', '', '', '', '', '', '', '', '', '', 'GROUP_00000000000001', '00000000', 'P', 'USRCNFRM_00000000001', '', '2011-08-31 00:00:00.000000000', '2011-08-31 00:00:00.000000000', 'SYSTEM', '2011-08-31 00:00:00.000000000', 'SYSTEM');
INSERT INTO TB_BBS_MASTER (BBS_ID, BBS_NM, BBS_INTRCN, BBS_TY_CODE, BBS_ATTRB_CODE, REPLY_POSBL_AT, FILE_ATCH_POSBL_AT, ATCH_POSBL_FILE_NUMBER, ATCH_POSBL_FILE_SIZE, USE_AT, TMPLAT_ID, FRST_REGISTER_ID, FRST_REGIST_PNTTM, LAST_UPDUSR_ID, LAST_UPDT_PNTTM) VALUES ('BBSMSTR_AAAAAAAAAAAA', '공지사항', '공지사항게시판', 'BBST03', 'BBSA03', 'Y', 'Y', 2, 5242880, 'Y', 'TMPLAT_BOARD_DEFAULT', '2011-08-31 12:00:00.000000000', 'USRCNFRM_00000000000', '2011-08-31 12:00:00.000000000', 'USRCNFRM_00000000000');
INSERT INTO TB_BBS_MASTER (BBS_ID, BBS_NM, BBS_INTRCN, BBS_TY_CODE, BBS_ATTRB_CODE, REPLY_POSBL_AT, FILE_ATCH_POSBL_AT, ATCH_POSBL_FILE_NUMBER, ATCH_POSBL_FILE_SIZE, USE_AT, TMPLAT_ID, FRST_REGISTER_ID, FRST_REGIST_PNTTM, LAST_UPDUSR_ID, LAST_UPDT_PNTTM) VALUES ('BBSMSTR_BBBBBBBBBBBB', '갤러리', '갤러리게시판', 'BBST01', 'BBSA02', 'Y', 'Y', 2, 5242880, 'Y', 'TMPLAT_BOARD_DEFAULT', '2011-08-31 12:00:00.000000000', 'USRCNFRM_00000000000', '2011-08-31 12:00:00.000000000', 'USRCNFRM_00000000000');
INSERT INTO TB_BBS_MASTER (BBS_ID, BBS_NM, BBS_INTRCN, BBS_TY_CODE, BBS_ATTRB_CODE, REPLY_POSBL_AT, FILE_ATCH_POSBL_AT, ATCH_POSBL_FILE_NUMBER, ATCH_POSBL_FILE_SIZE, USE_AT, TMPLAT_ID, FRST_REGISTER_ID, FRST_REGIST_PNTTM, LAST_UPDUSR_ID, LAST_UPDT_PNTTM) VALUES ('BBSMSTR_CCCCCCCCCCCC', '자료실', '자료실게시판', 'BBST01', 'BBSA03', 'Y', 'Y', 2, 5242880, 'Y', 'TMPLAT_BOARD_DEFAULT', '2011-08-31 12:00:00.000000000', 'USRCNFRM_00000000000', '2011-08-31 12:00:00.000000000', 'USRCNFRM_00000000000');
INSERT INTO TB_BBS_USE (BBS_ID, TRGET_ID, USE_AT, REGIST_SE_CODE, FRST_REGIST_PNTTM, FRST_REGISTER_ID, LAST_UPDT_PNTTM, LAST_UPDUSR_ID) VALUES ('BBSMSTR_AAAAAAAAAAAA', 'SYSTEM_DEFAULT_BOARD', 'Y', 'REGC01', '2011-08-31 12:00:00.000000000', 'USRCNFRM_00000000000', '2011-08-31 12:00:00.000000000', 'USRCNFRM_00000000000');
INSERT INTO TB_BBS_USE (BBS_ID, TRGET_ID, USE_AT, REGIST_SE_CODE, FRST_REGIST_PNTTM, FRST_REGISTER_ID, LAST_UPDT_PNTTM, LAST_UPDUSR_ID) VALUES ('BBSMSTR_BBBBBBBBBBBB', 'SYSTEM_DEFAULT_BOARD', 'Y', 'REGC01', '2011-08-31 12:00:00.000000000', 'USRCNFRM_00000000000', '2011-08-31 12:00:00.000000000', 'USRCNFRM_00000000000');
INSERT INTO TB_BBS_USE (BBS_ID, TRGET_ID, USE_AT, REGIST_SE_CODE, FRST_REGIST_PNTTM, FRST_REGISTER_ID, LAST_UPDT_PNTTM, LAST_UPDUSR_ID) VALUES ('BBSMSTR_CCCCCCCCCCCC', 'SYSTEM_DEFAULT_BOARD', 'Y', 'REGC01', '2011-08-31 12:00:00.000000000', 'USRCNFRM_00000000000', '2011-08-31 12:00:00.000000000', 'USRCNFRM_00000000000');
INSERT INTO TB_BBS (NTT_ID, BBS_ID, NTT_NO, NTT_SJ, NTT_CN, ANSWER_AT, PARNTSCTT_NO, ANSWER_LC, SORT_ORDR, RDCNT, USE_AT, NTCE_BGNDE, NTCE_ENDDE, NTCR_ID, NTCR_NM, PASSWORD, ATCH_FILE_ID, FRST_REGIST_PNTTM, FRST_REGISTER_ID, LAST_UPDT_PNTTM, LAST_UPDUSR_ID) VALUES (1, 'BBSMSTR_AAAAAAAAAAAA', 1, '홈페이지 샘플공지1', '홈페이지 샘플공지1', 'N', 0, 0, 2, 0, 'Y', '10000101', '99991231', '', '', '', null, '2011-08-31 12:00:00.000000000', 'USRCNFRM_00000000000', null, null);
INSERT INTO TB_BBS (NTT_ID, BBS_ID, NTT_NO, NTT_SJ, NTT_CN, ANSWER_AT, PARNTSCTT_NO, ANSWER_LC, SORT_ORDR, RDCNT, USE_AT, NTCE_BGNDE, NTCE_ENDDE, NTCR_ID, NTCR_NM, PASSWORD, ATCH_FILE_ID, FRST_REGIST_PNTTM, FRST_REGISTER_ID, LAST_UPDT_PNTTM, LAST_UPDUSR_ID) VALUES (2, 'BBSMSTR_AAAAAAAAAAAA', 2, '홈페이지 샘플공지2', '홈페이지 샘플공지2', 'N', 0, 0, 2, 0, 'Y', '10000101', '99991231', '', '', '', null, '2011-08-31 12:00:00.000000000', 'USRCNFRM_00000000000', null, null);
INSERT INTO TB_BBS (NTT_ID, BBS_ID, NTT_NO, NTT_SJ, NTT_CN, ANSWER_AT, PARNTSCTT_NO, ANSWER_LC, SORT_ORDR, RDCNT, USE_AT, NTCE_BGNDE, NTCE_ENDDE, NTCR_ID, NTCR_NM, PASSWORD, ATCH_FILE_ID, FRST_REGIST_PNTTM, FRST_REGISTER_ID, LAST_UPDT_PNTTM, LAST_UPDUSR_ID) VALUES (3, 'BBSMSTR_AAAAAAAAAAAA', 3, '홈페이지 샘플공지3', '홈페이지 샘플공지3', 'N', 0, 0, 2, 0, 'Y', '10000101', '99991231', '', '', '', null, '2011-08-31 12:00:00.000000000', 'USRCNFRM_00000000000', null, null);
INSERT INTO TB_BBS (NTT_ID, BBS_ID, NTT_NO, NTT_SJ, NTT_CN, ANSWER_AT, PARNTSCTT_NO, ANSWER_LC, SORT_ORDR, RDCNT, USE_AT, NTCE_BGNDE, NTCE_ENDDE, NTCR_ID, NTCR_NM, PASSWORD, ATCH_FILE_ID, FRST_REGIST_PNTTM, FRST_REGISTER_ID, LAST_UPDT_PNTTM, LAST_UPDUSR_ID) VALUES (4, 'BBSMSTR_AAAAAAAAAAAA', 4, '홈페이지 샘플공지4', '홈페이지 샘플공지4', 'N', 0, 0, 2, 0, 'Y', '10000101', '99991231', '', '', '', null, '2011-08-31 12:00:00.000000000', 'USRCNFRM_00000000000', null, null);
INSERT INTO TB_BBS (NTT_ID, BBS_ID, NTT_NO, NTT_SJ, NTT_CN, ANSWER_AT, PARNTSCTT_NO, ANSWER_LC, SORT_ORDR, RDCNT, USE_AT, NTCE_BGNDE, NTCE_ENDDE, NTCR_ID, NTCR_NM, PASSWORD, ATCH_FILE_ID, FRST_REGIST_PNTTM, FRST_REGISTER_ID, LAST_UPDT_PNTTM, LAST_UPDUSR_ID) VALUES (5, 'BBSMSTR_AAAAAAAAAAAA', 5, '홈페이지 샘플공지5', '홈페이지 샘플공지5', 'N', 0, 0, 2, 0, 'Y', '10000101', '99991231', '', '', '', null, '2011-08-31 12:00:00.000000000', 'USRCNFRM_00000000000', null, null);
INSERT INTO TB_BBS (NTT_ID, BBS_ID, NTT_NO, NTT_SJ, NTT_CN, ANSWER_AT, PARNTSCTT_NO, ANSWER_LC, SORT_ORDR, RDCNT, USE_AT, NTCE_BGNDE, NTCE_ENDDE, NTCR_ID, NTCR_NM, PASSWORD, ATCH_FILE_ID, FRST_REGIST_PNTTM, FRST_REGISTER_ID, LAST_UPDT_PNTTM, LAST_UPDUSR_ID) VALUES (6, 'BBSMSTR_BBBBBBBBBBBB', 1, '홈페이지 샘플게시1', '홈페이지 샘플게시1', 'N', 0, 0, 2, 0, 'Y', '10000101', '99991231', '', '', '', null, '2011-08-31 12:00:00.000000000', 'USRCNFRM_00000000000', null, null);
INSERT INTO TB_BBS (NTT_ID, BBS_ID, NTT_NO, NTT_SJ, NTT_CN, ANSWER_AT, PARNTSCTT_NO, ANSWER_LC, SORT_ORDR, RDCNT, USE_AT, NTCE_BGNDE, NTCE_ENDDE, NTCR_ID, NTCR_NM, PASSWORD, ATCH_FILE_ID, FRST_REGIST_PNTTM, FRST_REGISTER_ID, LAST_UPDT_PNTTM, LAST_UPDUSR_ID) VALUES (7, 'BBSMSTR_BBBBBBBBBBBB', 2, '홈페이지 샘플게시2', '홈페이지 샘플게시2', 'N', 0, 0, 2, 0, 'Y', '10000101', '99991231', '', '', '', null, '2011-08-31 12:00:00.000000000', 'USRCNFRM_00000000000', null, null);
INSERT INTO TB_BBS (NTT_ID, BBS_ID, NTT_NO, NTT_SJ, NTT_CN, ANSWER_AT, PARNTSCTT_NO, ANSWER_LC, SORT_ORDR, RDCNT, USE_AT, NTCE_BGNDE, NTCE_ENDDE, NTCR_ID, NTCR_NM, PASSWORD, ATCH_FILE_ID, FRST_REGIST_PNTTM, FRST_REGISTER_ID, LAST_UPDT_PNTTM, LAST_UPDUSR_ID) VALUES (8, 'BBSMSTR_BBBBBBBBBBBB', 3, '홈페이지 샘플게시3', '홈페이지 샘플게시3', 'N', 0, 0, 2, 0, 'Y', '10000101', '99991231', '', '', '', null, '2011-08-31 12:00:00.000000000', 'USRCNFRM_00000000000', null, null);
INSERT INTO TB_BBS (NTT_ID, BBS_ID, NTT_NO, NTT_SJ, NTT_CN, ANSWER_AT, PARNTSCTT_NO, ANSWER_LC, SORT_ORDR, RDCNT, USE_AT, NTCE_BGNDE, NTCE_ENDDE, NTCR_ID, NTCR_NM, PASSWORD, ATCH_FILE_ID, FRST_REGIST_PNTTM, FRST_REGISTER_ID, LAST_UPDT_PNTTM, LAST_UPDUSR_ID) VALUES (9, 'BBSMSTR_BBBBBBBBBBBB', 4, '홈페이지 샘플게시4', '홈페이지 샘플게시4', 'N', 0, 0, 2, 0, 'Y', '10000101', '99991231', '', '', '', null, '2011-08-31 12:00:00.000000000', 'USRCNFRM_00000000000', null, null);
INSERT INTO TB_BBS (NTT_ID, BBS_ID, NTT_NO, NTT_SJ, NTT_CN, ANSWER_AT, PARNTSCTT_NO, ANSWER_LC, SORT_ORDR, RDCNT, USE_AT, NTCE_BGNDE, NTCE_ENDDE, NTCR_ID, NTCR_NM, PASSWORD, ATCH_FILE_ID, FRST_REGIST_PNTTM, FRST_REGISTER_ID, LAST_UPDT_PNTTM, LAST_UPDUSR_ID) VALUES (10, 'BBSMSTR_BBBBBBBBBBBB', 5, '홈페이지 샘플게시5', '홈페이지 샘플게시5', 'N', 0, 0, 2, 0, 'Y', '10000101', '99991231', '', '', '', null, '2011-08-31 12:00:00.000000000', 'USRCNFRM_00000000000', null, null);
INSERT INTO TB_CMMN_CODE (CODE_ID, CODE_ID_NM, CODE_ID_DC, USE_AT, CL_CODE, FRST_REGIST_PNTTM, FRST_REGISTER_ID, LAST_UPDT_PNTTM, LAST_UPDUSR_ID) VALUES ('COM028', 'Q&A처리상태', 'Q&A 처리상태 구분', 'Y', 'LET', '2011-08-31 00:00:00.000000000', 'SYSTEM', '2011-08-31 00:00:00.000000000', 'SYSTEM');
INSERT INTO TB_CMMN_DETAIL_CODE (CODE_ID, CODE, CODE_NM, CODE_DC, USE_AT, FRST_REGIST_PNTTM, FRST_REGISTER_ID, LAST_UPDT_PNTTM, LAST_UPDUSR_ID) VALUES ('COM028', '1', '접수', '접수', 'Y', '2011-08-31 00:00:00.000000000', 'SYSTEM', '2011-08-31 00:00:00.000000000', 'SYSTEM');
INSERT INTO TB_CMMN_DETAIL_CODE (CODE_ID, CODE, CODE_NM, CODE_DC, USE_AT, FRST_REGIST_PNTTM, FRST_REGISTER_ID, LAST_UPDT_PNTTM, LAST_UPDUSR_ID) VALUES ('COM028', '2', '처리중', '처리중', 'Y', '2011-08-31 00:00:00.000000000', 'SYSTEM', '2011-08-31 00:00:00.000000000', 'SYSTEM');
INSERT INTO TB_CMMN_DETAIL_CODE (CODE_ID, CODE, CODE_NM, CODE_DC, USE_AT, FRST_REGIST_PNTTM, FRST_REGISTER_ID, LAST_UPDT_PNTTM, LAST_UPDUSR_ID) VALUES ('COM028', '3', '처리완료', '처리완료', 'Y', '2011-08-31 00:00:00.000000000', 'SYSTEM', '2011-08-31 00:00:00.000000000', 'SYSTEM');
INSERT INTO COMTECOPSEQ (TABLE_NAME, NEXT_ID) VALUES ('NTT_ID', 10);
INSERT INTO COMTECOPSEQ (TABLE_NAME, NEXT_ID) VALUES ('FAQ_ID', 3);
INSERT INTO COMTECOPSEQ (TABLE_NAME, NEXT_ID) VALUES ('QA_ID', 3);
INSERT INTO TB_FAQ_INFO (FAQ_ID, QESTN_SJ, QESTN_CN, ANSWER_CN, RDCNT, ATCH_FILE_ID, FRST_REGIST_PNTTM, FRST_REGISTER_ID, LAST_UPDT_PNTTM, LAST_UPDUSR_ID) VALUES ('FAQ_0000000000000001', '회원가입은 어떻게 하나요?', '회원가입 절차가 궁금합니다.', '메인 화면 우측 상단의 회원가입 메뉴를 통해 가입하실 수 있습니다.', 5, null, '2024-07-31 00:00:00.000000000', 'admin', null, null);
INSERT INTO TB_FAQ_INFO (FAQ_ID, QESTN_SJ, QESTN_CN, ANSWER_CN, RDCNT, ATCH_FILE_ID, FRST_REGIST_PNTTM, FRST_REGISTER_ID, LAST_UPDT_PNTTM, LAST_UPDUSR_ID) VALUES ('FAQ_0000000000000002', '비밀번호를 잊어버렸어요.', '비밀번호 분실 시 어떻게 하나요?', '로그인 화면의 비밀번호 찾기를 이용하시면 임시 비밀번호가 발급됩니다.', 3, null, '2024-07-31 00:00:00.000000000', 'admin', null, null);
INSERT INTO TB_QA_INFO (QA_ID, QESTN_SJ, QESTN_CN, WRITNG_PASSWORD, AREA_NO, MIDDLE_TELNO, END_TELNO, EMAIL_ADRES, EMAIL_ANSWER_AT, WRTER_NM, WRITNG_DE, RDCNT, QNA_PROCESS_STTUS_CODE, ANSWER_CN, ANSWER_DE, ATCH_FILE_ID, FRST_REGIST_PNTTM, FRST_REGISTER_ID, LAST_UPDT_PNTTM, LAST_UPDUSR_ID) VALUES ('QA_00000000000000001', '서비스 이용 문의', '서비스 이용 시간이 어떻게 되나요?', '', '02', '1234', '5678', 'user@example.com', 'N', '홍길동', '20240731', 1, '3', '연중무휴 24시간 이용 가능합니다.', '20240801', '', '2024-07-31 00:00:00.000000000', 'user', null, null);
INSERT INTO TB_QA_INFO (QA_ID, QESTN_SJ, QESTN_CN, WRITNG_PASSWORD, AREA_NO, MIDDLE_TELNO, END_TELNO, EMAIL_ADRES, EMAIL_ANSWER_AT, WRTER_NM, WRITNG_DE, RDCNT, QNA_PROCESS_STTUS_CODE, ANSWER_CN, ANSWER_DE, ATCH_FILE_ID, FRST_REGIST_PNTTM, FRST_REGISTER_ID, LAST_UPDT_PNTTM, LAST_UPDUSR_ID) VALUES ('QA_00000000000000002', '환불 규정 문의', '환불은 어떻게 진행되나요?', '', '02', '2345', '6789', 'user2@example.com', 'N', '김철수', '20240801', 0, '1', null, null, null, '2024-08-01 00:00:00.000000000', 'user', null, null);
INSERT INTO TB_TMPLAT_INFO (TMPLAT_ID, TMPLAT_NM, TMPLAT_COURS, USE_AT, TMPLAT_SE_CODE, FRST_REGISTER_ID, FRST_REGIST_PNTTM, LAST_UPDUSR_ID, LAST_UPDT_PNTTM) VALUES ('TMPLAT_BOARD_DEFAULT', '기본 게시판 템플릿', '/template/default.jsp', 'TMPT01', 'Y', '2011-08-31 00:00:00.000000000', 'SYSTEM', null, null);
INSERT INTO TB_GNRL_MBER (MBER_ID, PASSWORD, MBER_NM, MBER_STTUS, MBER_EMAIL_ADRES, GROUP_ID, SBSCRB_DE, ESNTL_ID, FRST_REGIST_PNTTM, FRST_REGISTER_ID) VALUES ('user1', 'gRFeMeIqWAGxl3UOwS16Ua1pOqAX7Mi8oDPL1QCpKLY=', '홍길동', 'P', 'user1@example.com', 'GROUP_00000000000001', '2024-07-31 00:00:00.000000000', 'USRCNFRM_00000000010', '2024-07-31 00:00:00.000000000', 'SYSTEM');
INSERT INTO TB_ENTRPRS_MBER (ENTRPRS_MBER_ID, ENTRPRS_SE_CODE, BIZRNO, JURIRNO, CMPNY_NM, CXFC, ZIP, ADRES, FXNUM, INDUTY_CODE, APPLCNT_NM, SBSCRB_DE, ENTRPRS_MBER_STTUS, ENTRPRS_MBER_PASSWORD, ENTRPRS_MBER_PASSWORD_HINT, ENTRPRS_MBER_PASSWORD_CNSR, GROUP_ID, DETAIL_ADRES, APPLCNT_EMAIL_ADRES, TELNO, ESNTL_ID, FRST_REGIST_PNTTM, FRST_REGISTER_ID) VALUES ('bizapproved', 'ENT02', '1112223334', '1101110000002', '주식회사 한글기업', '이대표', '06234', '서울특별시 강남구', '02-555-1235', 'IND04', '박담당', '2024-07-31 00:00:00.000000000', 'P', 'CP0a/bbRsd1ZLnB4Rknn9QPWErGUv3BXYQj1X0gBqSE=', 'P01', '서울', 'GROUP_00000000000001', '테헤란로 2길', 'bizapproved@example.com', '02-555-1234', 'USRCNFRM_00000000011', '2024-07-31 00:00:00.000000000', 'SYSTEM');
INSERT INTO TB_AUTHOR_INFO(AUTHOR_CODE,AUTHOR_NM,AUTHOR_DC,AUTHOR_CREAT_DE) VALUES ('ROLE_ADMIN','관리자','관리자',TO_DATE('2011-08-11 15:31:59','YYYY-MM-DD HH24:MI:SS'));
INSERT INTO TB_AUTHOR_INFO(AUTHOR_CODE,AUTHOR_NM,AUTHOR_DC,AUTHOR_CREAT_DE) VALUES ('ROLE_ANONYMOUS','오픈기능','오픈기능',TO_DATE('2011-08-11 15:31:59','YYYY-MM-DD HH24:MI:SS'));
INSERT INTO TB_AUTHOR_INFO(AUTHOR_CODE,AUTHOR_NM,AUTHOR_DC,AUTHOR_CREAT_DE) VALUES ('ROLE_USER_MEMBER','담당자','회원',TO_DATE('2011-08-11 15:31:59','YYYY-MM-DD HH24:MI:SS'));
INSERT INTO TB_ROLES_HIERARCHY(PARNTS_ROLE,CHLDRN_ROLE) VALUES ('ROLE_USER_MEMBER','ROLE_ADMIN');
INSERT INTO TB_ROLES_HIERARCHY(PARNTS_ROLE,CHLDRN_ROLE) VALUES ('ROLE_ANONYMOUS','ROLE_USER_MEMBER');
INSERT INTO TB_ROLE_INFO(ROLE_CODE,ROLE_NM,ROLE_PTTRN,ROLE_DC,ROLE_TY,ROLE_SORT,ROLE_CREAT_DE) VALUES ('cmm-uss-umt','cmm-uss-umt','/cmm/uss/umt/.*.do.*','아이디중복확인','url','1','2011-08-24 0:00');
INSERT INTO TB_ROLE_INFO(ROLE_CODE,ROLE_NM,ROLE_PTTRN,ROLE_DC,ROLE_TY,ROLE_SORT,ROLE_CREAT_DE) VALUES ('cop-bbs','cop-bbs','/cop/bbs/.*.do.*','게시판','url','2','2011-08-24 0:00');
INSERT INTO TB_ROLE_INFO(ROLE_CODE,ROLE_NM,ROLE_PTTRN,ROLE_DC,ROLE_TY,ROLE_SORT,ROLE_CREAT_DE) VALUES ('cop-com','cop-com','/cop/com/.*.do.*','게시판사용','url','3','2011-08-24 0:00');
INSERT INTO TB_ROLE_INFO(ROLE_CODE,ROLE_NM,ROLE_PTTRN,ROLE_DC,ROLE_TY,ROLE_SORT,ROLE_CREAT_DE) VALUES ('sec-gmt','sec-gmt','/sec/gmt/.*.do.*','그룹관리','url','4','2011-08-24 0:00');
INSERT INTO TB_ROLE_INFO(ROLE_CODE,ROLE_NM,ROLE_PTTRN,ROLE_DC,ROLE_TY,ROLE_SORT,ROLE_CREAT_DE) VALUES ('sec-ram','sec-ram','/sec/ram/.*.do.*','권한관리','url','5','2011-08-24 0:00');
INSERT INTO TB_ROLE_INFO(ROLE_CODE,ROLE_NM,ROLE_PTTRN,ROLE_DC,ROLE_TY,ROLE_SORT,ROLE_CREAT_DE) VALUES ('sec-rgm','sec-rgm','/sec/rgm/.*.do.*','권한그룹관리','url','6','2011-08-24 0:00');
INSERT INTO TB_ROLE_INFO(ROLE_CODE,ROLE_NM,ROLE_PTTRN,ROLE_DC,ROLE_TY,ROLE_SORT,ROLE_CREAT_DE) VALUES ('sec-rmt','sec-rmt','/sec/rmt/.*.do.*','롤관리','url','7','2011-08-24 0:00');
INSERT INTO TB_ROLE_INFO(ROLE_CODE,ROLE_NM,ROLE_PTTRN,ROLE_DC,ROLE_TY,ROLE_SORT,ROLE_CREAT_DE) VALUES ('uss-ion-bnr','uss-ion-bnr','/uss/ion/bnr/.*.do.*','배너관리','url','8','2011-08-24 0:00');
INSERT INTO TB_ROLE_INFO(ROLE_CODE,ROLE_NM,ROLE_PTTRN,ROLE_DC,ROLE_TY,ROLE_SORT,ROLE_CREAT_DE) VALUES ('uss-olh-faq','uss-olh-faq','/uss/olh/faq/.*.do.*','FAQ','url','9','2011-08-24 0:00');
INSERT INTO TB_ROLE_INFO(ROLE_CODE,ROLE_NM,ROLE_PTTRN,ROLE_DC,ROLE_TY,ROLE_SORT,ROLE_CREAT_DE) VALUES ('uss-olh-qna','uss-olh-qna','/uss/olh/qna/.*.do.*','QnA','url','10','2011-08-24 0:00');
INSERT INTO TB_ROLE_INFO(ROLE_CODE,ROLE_NM,ROLE_PTTRN,ROLE_DC,ROLE_TY,ROLE_SORT,ROLE_CREAT_DE) VALUES ('uss-olh-qnm','uss-olh-qnm','/uss/olh/qnm/.*.do.*','QnA답변','url','11','2011-08-24 0:00');
INSERT INTO TB_ROLE_INFO(ROLE_CODE,ROLE_NM,ROLE_PTTRN,ROLE_DC,ROLE_TY,ROLE_SORT,ROLE_CREAT_DE) VALUES ('uss-olp-qim','uss-olp-qim','/uss/olp/qim/.*.do.*','항목관리','url','12','2011-08-24 0:00');
INSERT INTO TB_ROLE_INFO(ROLE_CODE,ROLE_NM,ROLE_PTTRN,ROLE_DC,ROLE_TY,ROLE_SORT,ROLE_CREAT_DE) VALUES ('uss-olp-qmc','uss-olp-qmc','/uss/olp/qmc/.*.do.*','설문관리','url','13','2011-08-24 0:00');
INSERT INTO TB_ROLE_INFO(ROLE_CODE,ROLE_NM,ROLE_PTTRN,ROLE_DC,ROLE_TY,ROLE_SORT,ROLE_CREAT_DE) VALUES ('uss-olp-qnn','uss-olp-qnn','/uss/olp/qnn/.*.do.*','설문참여','url','14','2011-08-24 0:00');
INSERT INTO TB_ROLE_INFO(ROLE_CODE,ROLE_NM,ROLE_PTTRN,ROLE_DC,ROLE_TY,ROLE_SORT,ROLE_CREAT_DE) VALUES ('uss-olp-qqm','uss-olp-qqm','/uss/olp/qqm/.*.do.*','문항관리','url','15','2011-08-24 0:00');
INSERT INTO TB_ROLE_INFO(ROLE_CODE,ROLE_NM,ROLE_PTTRN,ROLE_DC,ROLE_TY,ROLE_SORT,ROLE_CREAT_DE) VALUES ('uss-olp-qri','uss-olp-qri','/uss/olp/qri/.*.do.*','설문조사','url','16','2011-08-24 0:00');
INSERT INTO TB_ROLE_INFO(ROLE_CODE,ROLE_NM,ROLE_PTTRN,ROLE_DC,ROLE_TY,ROLE_SORT,ROLE_CREAT_DE) VALUES ('uss-olp-qrm','uss-olp-qrm','/uss/olp/qrm/.*.do.*','응답자관리','url','17','2011-08-24 0:00');
INSERT INTO TB_ROLE_INFO(ROLE_CODE,ROLE_NM,ROLE_PTTRN,ROLE_DC,ROLE_TY,ROLE_SORT,ROLE_CREAT_DE) VALUES ('uss-olp-qtm','uss-olp-qtm','/uss/olp/qtm/.*.do.*','설문템플릿','url','18','2011-08-24 0:00');
INSERT INTO TB_ROLE_INFO(ROLE_CODE,ROLE_NM,ROLE_PTTRN,ROLE_DC,ROLE_TY,ROLE_SORT,ROLE_CREAT_DE) VALUES ('uss-sam-ipm','uss-sam-ipm','/uss/sam/ipm/.*.do.*','개인정보보호정책','url','19','2011-08-24 0:00');
INSERT INTO TB_ROLE_INFO(ROLE_CODE,ROLE_NM,ROLE_PTTRN,ROLE_DC,ROLE_TY,ROLE_SORT,ROLE_CREAT_DE) VALUES ('uss-sam-stp','uss-sam-stp','/uss/sam/stp/.*.do.*','약관','url','20','2011-08-24 0:00');
INSERT INTO TB_ROLE_INFO(ROLE_CODE,ROLE_NM,ROLE_PTTRN,ROLE_DC,ROLE_TY,ROLE_SORT,ROLE_CREAT_DE) VALUES ('uss-umt-cmm','uss-umt-cmm','/uss/umt/cmm/.*.do.*','일반회원가입신청','url','21','2011-08-24 0:00');
INSERT INTO TB_ROLE_INFO(ROLE_CODE,ROLE_NM,ROLE_PTTRN,ROLE_DC,ROLE_TY,ROLE_SORT,ROLE_CREAT_DE) VALUES ('uss-umt-mber','uss-umt-mber','/uss/umt/mber/.*.do.*','일반회원관리','url','22','2011-08-24 0:00');
INSERT INTO TB_AUTHOR_ROLE_RELATE(AUTHOR_CODE,ROLE_CODE,CREAT_DT) VALUES ('ROLE_ADMIN','cmm-uss-umt',TO_DATE('2009-08-25 00:00:00','YYYY-MM-DD HH24:MI:SS'));
INSERT INTO TB_AUTHOR_ROLE_RELATE(AUTHOR_CODE,ROLE_CODE,CREAT_DT) VALUES ('ROLE_ADMIN','sec-gmt',TO_DATE('2009-08-25 00:00:00','YYYY-MM-DD HH24:MI:SS'));
INSERT INTO TB_AUTHOR_ROLE_RELATE(AUTHOR_CODE,ROLE_CODE,CREAT_DT) VALUES ('ROLE_ADMIN','sec-ram',TO_DATE('2009-08-25 00:00:00','YYYY-MM-DD HH24:MI:SS'));
INSERT INTO TB_AUTHOR_ROLE_RELATE(AUTHOR_CODE,ROLE_CODE,CREAT_DT) VALUES ('ROLE_ADMIN','sec-rgm',TO_DATE('2009-08-25 00:00:00','YYYY-MM-DD HH24:MI:SS'));
INSERT INTO TB_AUTHOR_ROLE_RELATE(AUTHOR_CODE,ROLE_CODE,CREAT_DT) VALUES ('ROLE_ADMIN','sec-rmt',TO_DATE('2009-08-25 00:00:00','YYYY-MM-DD HH24:MI:SS'));
INSERT INTO TB_AUTHOR_ROLE_RELATE(AUTHOR_CODE,ROLE_CODE,CREAT_DT) VALUES ('ROLE_ADMIN','uss-umt-mber',TO_DATE('2009-08-25 00:00:00','YYYY-MM-DD HH24:MI:SS'));
INSERT INTO TB_AUTHOR_ROLE_RELATE(AUTHOR_CODE,ROLE_CODE,CREAT_DT) VALUES ('ROLE_ANONYMOUS','cop-bbs',TO_DATE('2009-08-25 00:00:00','YYYY-MM-DD HH24:MI:SS'));
INSERT INTO TB_AUTHOR_ROLE_RELATE(AUTHOR_CODE,ROLE_CODE,CREAT_DT) VALUES ('ROLE_ANONYMOUS','uss-olh-faq',TO_DATE('2009-08-25 00:00:00','YYYY-MM-DD HH24:MI:SS'));
INSERT INTO TB_AUTHOR_ROLE_RELATE(AUTHOR_CODE,ROLE_CODE,CREAT_DT) VALUES ('ROLE_ANONYMOUS','uss-olh-qna',TO_DATE('2009-08-25 00:00:00','YYYY-MM-DD HH24:MI:SS'));
INSERT INTO TB_AUTHOR_ROLE_RELATE(AUTHOR_CODE,ROLE_CODE,CREAT_DT) VALUES ('ROLE_ANONYMOUS','uss-olp-qnn',TO_DATE('2009-08-25 00:00:00','YYYY-MM-DD HH24:MI:SS'));
INSERT INTO TB_AUTHOR_ROLE_RELATE(AUTHOR_CODE,ROLE_CODE,CREAT_DT) VALUES ('ROLE_ANONYMOUS','uss-umt-cmm',TO_DATE('2009-08-25 00:00:00','YYYY-MM-DD HH24:MI:SS'));
INSERT INTO TB_AUTHOR_ROLE_RELATE(AUTHOR_CODE,ROLE_CODE,CREAT_DT) VALUES ('ROLE_USER_MEMBER','cop-com',TO_DATE('2009-08-25 00:00:00','YYYY-MM-DD HH24:MI:SS'));
INSERT INTO TB_AUTHOR_ROLE_RELATE(AUTHOR_CODE,ROLE_CODE,CREAT_DT) VALUES ('ROLE_USER_MEMBER','uss-ion-bnr',TO_DATE('2009-08-25 00:00:00','YYYY-MM-DD HH24:MI:SS'));
INSERT INTO TB_AUTHOR_ROLE_RELATE(AUTHOR_CODE,ROLE_CODE,CREAT_DT) VALUES ('ROLE_USER_MEMBER','uss-olh-qnm',TO_DATE('2009-08-25 00:00:00','YYYY-MM-DD HH24:MI:SS'));
INSERT INTO TB_AUTHOR_ROLE_RELATE(AUTHOR_CODE,ROLE_CODE,CREAT_DT) VALUES ('ROLE_USER_MEMBER','uss-olp-qim',TO_DATE('2009-08-25 00:00:00','YYYY-MM-DD HH24:MI:SS'));
INSERT INTO TB_AUTHOR_ROLE_RELATE(AUTHOR_CODE,ROLE_CODE,CREAT_DT) VALUES ('ROLE_USER_MEMBER','uss-olp-qmc',TO_DATE('2009-08-25 00:00:00','YYYY-MM-DD HH24:MI:SS'));
INSERT INTO TB_AUTHOR_ROLE_RELATE(AUTHOR_CODE,ROLE_CODE,CREAT_DT) VALUES ('ROLE_USER_MEMBER','uss-olp-qqm',TO_DATE('2009-08-25 00:00:00','YYYY-MM-DD HH24:MI:SS'));
INSERT INTO TB_AUTHOR_ROLE_RELATE(AUTHOR_CODE,ROLE_CODE,CREAT_DT) VALUES ('ROLE_USER_MEMBER','uss-olp-qri',TO_DATE('2009-08-25 00:00:00','YYYY-MM-DD HH24:MI:SS'));
INSERT INTO TB_AUTHOR_ROLE_RELATE(AUTHOR_CODE,ROLE_CODE,CREAT_DT) VALUES ('ROLE_USER_MEMBER','uss-olp-qrm',TO_DATE('2009-08-25 00:00:00','YYYY-MM-DD HH24:MI:SS'));
INSERT INTO TB_AUTHOR_ROLE_RELATE(AUTHOR_CODE,ROLE_CODE,CREAT_DT) VALUES ('ROLE_USER_MEMBER','uss-olp-qtm',TO_DATE('2009-08-25 00:00:00','YYYY-MM-DD HH24:MI:SS'));
INSERT INTO TB_AUTHOR_ROLE_RELATE(AUTHOR_CODE,ROLE_CODE,CREAT_DT) VALUES ('ROLE_USER_MEMBER','uss-sam-ipm',TO_DATE('2009-08-25 00:00:00','YYYY-MM-DD HH24:MI:SS'));
INSERT INTO TB_AUTHOR_ROLE_RELATE(AUTHOR_CODE,ROLE_CODE,CREAT_DT) VALUES ('ROLE_USER_MEMBER','uss-sam-stp',TO_DATE('2009-08-25 00:00:00','YYYY-MM-DD HH24:MI:SS'));
INSERT INTO TB_ZIP(ZIP, SN, CTPRVN_NM, SIGNGU_NM, EMD_NM, LI_BULD_NM, LNBR_DONG_HO, FRST_REGIST_PNTTM, FRST_REGISTER_ID, LAST_UPDT_PNTTM, LAST_UPDUSR_ID) VALUES ('100775',7381,'서울','중구','무교동','한국정보화진흥원','',SYSDATE(),'SYSTEM',SYSDATE(),'SYSTEM');
INSERT INTO TB_BANNER(BANNER_ID,BANNER_NM,LINK_URL,BANNER_IMAGE,BANNER_DC,REFLCT_AT,FRST_REGISTER_ID,FRST_REGIST_PNTTM,BANNER_IMAGE_FILE,SORT_ORDR,BANNER_TY,EXPSR_BGNDE,EXPSR_ENDDE) VALUES ('BANNER_0000000000001','전자정부 표준프레임워크','https://www.egovframe.go.kr','banner01.png','메인 상단 슬라이드 배너','Y','admin',TO_DATE('2026-01-01 00:00:00','YYYY-MM-DD HH24:MI:SS'),'banner01.png',1,'MAIN','2026-01-01','2027-12-31');
INSERT INTO TB_BANNER(BANNER_ID,BANNER_NM,LINK_URL,BANNER_IMAGE,BANNER_DC,REFLCT_AT,FRST_REGISTER_ID,FRST_REGIST_PNTTM,BANNER_IMAGE_FILE,SORT_ORDR,BANNER_TY,EXPSR_BGNDE,EXPSR_ENDDE) VALUES ('BANNER_0000000000002','기업업무 공통컴포넌트 소개','https://www.egovframe.go.kr/home/sub.do?menuNo=41','banner02.png','메인 슬라이드 배너 2','Y','admin',TO_DATE('2026-01-01 00:00:00','YYYY-MM-DD HH24:MI:SS'),'banner02.png',2,'MAIN','2026-01-01','2027-12-31');
INSERT INTO TB_BANNER(BANNER_ID,BANNER_NM,LINK_URL,BANNER_IMAGE,BANNER_DC,REFLCT_AT,FRST_REGISTER_ID,FRST_REGIST_PNTTM,BANNER_IMAGE_FILE,SORT_ORDR,BANNER_TY,POPUP_WIDTH,POPUP_GROUP_AT,EXPSR_BGNDE,EXPSR_ENDDE) VALUES ('BANNER_0000000000003','팝업 공지','https://www.egovframe.go.kr','banner01.png','홈 진입 팝업 배너','Y','admin',TO_DATE('2026-01-01 00:00:00','YYYY-MM-DD HH24:MI:SS'),'banner01.png',1,'POPUP',440,'N','2026-01-01','2027-12-31');
INSERT INTO TB_BANNER(BANNER_ID,BANNER_NM,LINK_URL,BANNER_IMAGE,BANNER_DC,REFLCT_AT,FRST_REGISTER_ID,FRST_REGIST_PNTTM,BANNER_IMAGE_FILE,SORT_ORDR,BANNER_TY,EXPSR_BGNDE,EXPSR_ENDDE) VALUES ('BANNER_0000000000004','푸터 배너','https://www.egovframe.go.kr','banner02.png','푸터 슬라이드 배너','Y','admin',TO_DATE('2026-01-01 00:00:00','YYYY-MM-DD HH24:MI:SS'),'banner02.png',1,'FOOTER','2026-01-01','2027-12-31');
INSERT INTO TB_STPLAT_INFO(USE_STPLAT_ID,USE_STPLAT_NM,USE_STPLAT_CN,INFO_PROVD_AGRE_CN,FRST_REGIST_PNTTM,FRST_REGISTER_ID,VER,APLC_DE,REPRSNT_AT,USE_AT) VALUES ('STPLAT_0000000000001','서비스 이용약관','제1조(목적) 본 약관은 전자정부 표준프레임워크 기업업무 공통컴포넌트 이용에 관한 사항을 규정합니다.
제2조(이용) 이용자는 관련 법령과 본 약관을 준수하여야 합니다.','개인정보 제공에 동의합니다.',TO_DATE('2026-01-01 00:00:00','YYYY-MM-DD HH24:MI:SS'),'admin','2.0','20260101','Y','Y');
INSERT INTO TB_INDVDL_INFO_POLICY(INDVDL_INFO_POLICY_ID,INDVDL_INFO_POLICY_CN,INDVDL_INFO_POLICY_AGRE_AT,FRST_REGISTER_ID,FRST_REGIST_PNTTM,INDVDL_INFO_POLICY_NM,VER,APLC_DE,REPRSNT_AT,USE_AT) VALUES ('INDVDL_INFO_00000001','전자정부 표준프레임워크 기업업무 공통컴포넌트(이하 "시스템")는 「개인정보 보호법」에 따라 정보주체의 개인정보를 보호하고 관련 고충을 신속히 처리할 수 있도록 다음과 같이 개인정보 처리방침을 수립·공개합니다.','Y','admin',TO_DATE('2026-01-01 00:00:00','YYYY-MM-DD HH24:MI:SS'),'개인정보처리방침','2.0','20260101','Y','Y');
INSERT INTO TB_QESTNR_INFO(QUSTNR_TMPLAT_ID,QESTNR_ID,QUSTNR_SJ,QUSTNR_PURPS,QUSTNR_WRITNG_GUIDANCE_CN,QUSTNR_TRGET,QUSTNR_BGNDE,QUSTNR_ENDDE,FRST_REGIST_PNTTM,FRST_REGISTER_ID) VALUES ('QTMPLA_000000000001','QESTNR_000000000001','기업업무 시스템 만족도 조사','기업업무 공통컴포넌트 이용 만족도 파악','각 문항에 응답해 주세요. 솔직한 의견 부탁드립니다.','00','20240701','20271231',TO_DATE('2024-07-31 00:00:00','YYYY-MM-DD HH24:MI:SS'),'USRCNFRM_00000000000');
INSERT INTO TB_CMMN_CODE (CODE_ID, CODE_ID_NM, CODE_ID_DC, USE_AT, CL_CODE, FRST_REGIST_PNTTM, FRST_REGISTER_ID, LAST_UPDT_PNTTM, LAST_UPDUSR_ID) VALUES ('COM033', '처리구분', '시스템로그 처리구분코드', 'Y', 'LET', '2011-08-31 00:00:00.000000000', 'SYSTEM', '2011-08-31 00:00:00.000000000', 'SYSTEM');
INSERT INTO TB_CMMN_DETAIL_CODE (CODE_ID, CODE, CODE_NM, CODE_DC, USE_AT, FRST_REGIST_PNTTM, FRST_REGISTER_ID, LAST_UPDT_PNTTM, LAST_UPDUSR_ID) VALUES ('COM033', 'C', '등록', '등록', 'Y', '2011-08-31 00:00:00.000000000', 'SYSTEM', '2011-08-31 00:00:00.000000000', 'SYSTEM');
INSERT INTO TB_CMMN_DETAIL_CODE (CODE_ID, CODE, CODE_NM, CODE_DC, USE_AT, FRST_REGIST_PNTTM, FRST_REGISTER_ID, LAST_UPDT_PNTTM, LAST_UPDUSR_ID) VALUES ('COM033', 'R', '조회', '조회', 'Y', '2011-08-31 00:00:00.000000000', 'SYSTEM', '2011-08-31 00:00:00.000000000', 'SYSTEM');
INSERT INTO TB_CMMN_DETAIL_CODE (CODE_ID, CODE, CODE_NM, CODE_DC, USE_AT, FRST_REGIST_PNTTM, FRST_REGISTER_ID, LAST_UPDT_PNTTM, LAST_UPDUSR_ID) VALUES ('COM033', 'U', '수정', '수정', 'Y', '2011-08-31 00:00:00.000000000', 'SYSTEM', '2011-08-31 00:00:00.000000000', 'SYSTEM');
INSERT INTO TB_CMMN_DETAIL_CODE (CODE_ID, CODE, CODE_NM, CODE_DC, USE_AT, FRST_REGIST_PNTTM, FRST_REGISTER_ID, LAST_UPDT_PNTTM, LAST_UPDUSR_ID) VALUES ('COM033', 'D', '삭제', '삭제', 'Y', '2011-08-31 00:00:00.000000000', 'SYSTEM', '2011-08-31 00:00:00.000000000', 'SYSTEM');
INSERT INTO TB_LOGIN_LOG (LOG_ID, CONECT_MTHD, CONECT_ID, CONECT_IP, ERROR_OCCRRNC_AT, ERROR_CODE, CREAT_DT, FRST_REGIST_PNTTM, FRST_REGISTER_ID) VALUES ('LOGINLOG_0000000001', 'I', 'USRCNFRM_00000000000', '127.0.0.1', 'N', '', TO_DATE('2026-06-16 09:10:00','YYYY-MM-DD HH24:MI:SS'), TO_DATE('2026-06-16 09:10:00','YYYY-MM-DD HH24:MI:SS'), 'admin');
INSERT INTO TB_LOGIN_LOG (LOG_ID, CONECT_MTHD, CONECT_ID, CONECT_IP, ERROR_OCCRRNC_AT, ERROR_CODE, CREAT_DT, FRST_REGIST_PNTTM, FRST_REGISTER_ID) VALUES ('LOGINLOG_0000000002', 'O', 'USRCNFRM_00000000000', '127.0.0.1', 'N', '', TO_DATE('2026-06-16 10:25:00','YYYY-MM-DD HH24:MI:SS'), TO_DATE('2026-06-16 10:25:00','YYYY-MM-DD HH24:MI:SS'), 'admin');
INSERT INTO TB_LOGIN_LOG (LOG_ID, CONECT_MTHD, CONECT_ID, CONECT_IP, ERROR_OCCRRNC_AT, ERROR_CODE, CREAT_DT, FRST_REGIST_PNTTM, FRST_REGISTER_ID) VALUES ('LOGINLOG_0000000003', 'I', 'USRCNFRM_00000000001', '192.168.0.10', 'N', '', TO_DATE('2026-06-15 14:30:00','YYYY-MM-DD HH24:MI:SS'), TO_DATE('2026-06-15 14:30:00','YYYY-MM-DD HH24:MI:SS'), 'user');
INSERT INTO TB_SYS_LOG (REQUST_ID, OCCRRNC_DE, SVC_NM, METHOD_NM, PROCESS_SE_CODE, PROCESS_TIME, RQESTER_ID, RQESTER_IP, FRST_REGIST_PNTTM, FRST_REGISTER_ID) VALUES ('SYSLOG_00000000001', '20260616', 'EgovBBSManageService', 'selectBoardList', 'R', '120', 'USRCNFRM_00000000000', '127.0.0.1', TO_DATE('2026-06-16 09:11:00','YYYY-MM-DD HH24:MI:SS'), 'admin');
INSERT INTO TB_SYS_LOG (REQUST_ID, OCCRRNC_DE, SVC_NM, METHOD_NM, PROCESS_SE_CODE, PROCESS_TIME, RQESTER_ID, RQESTER_IP, FRST_REGIST_PNTTM, FRST_REGISTER_ID) VALUES ('SYSLOG_00000000002', '20260616', 'EgovBBSManageService', 'insertBoardArticle', 'C', '340', 'USRCNFRM_00000000000', '127.0.0.1', TO_DATE('2026-06-16 09:20:00','YYYY-MM-DD HH24:MI:SS'), 'admin');
INSERT INTO TB_SYS_LOG (REQUST_ID, OCCRRNC_DE, SVC_NM, METHOD_NM, PROCESS_SE_CODE, PROCESS_TIME, RQESTER_ID, RQESTER_IP, FRST_REGIST_PNTTM, FRST_REGISTER_ID) VALUES ('SYSLOG_00000000003', '20260615', 'EgovMberManageService', 'updateMber', 'U', '210', 'USRCNFRM_00000000001', '192.168.0.10', TO_DATE('2026-06-15 14:40:00','YYYY-MM-DD HH24:MI:SS'), 'user');
INSERT INTO TB_CONECT_LOG(LOG_ID,SRVC_NM,METHOD_NM,OCCRRNC_DE,CREAT_CO,UPDT_CO,RDCNT,DELETE_CO,OUTPT_CO,ERROR_CO,CONECT_ID,CONECT_IP,CONECT_MTHD,ERROR_OCCRRNC_AT,ERROR_CODE,CREAT_DT,FRST_REGIST_PNTTM,FRST_REGISTER_ID) VALUES (1,'EgovBoardService','selectBoardList','20250105',12,3,40,1,0,0,'admin','127.0.0.1','S','N',NULL,TO_DATE('2025-01-05 09:10:00','YYYY-MM-DD HH24:MI:SS'),TO_DATE('2025-01-05 09:10:00','YYYY-MM-DD HH24:MI:SS'),'admin');
INSERT INTO TB_CONECT_LOG(LOG_ID,SRVC_NM,METHOD_NM,OCCRRNC_DE,CREAT_CO,UPDT_CO,RDCNT,DELETE_CO,OUTPT_CO,ERROR_CO,CONECT_ID,CONECT_IP,CONECT_MTHD,ERROR_OCCRRNC_AT,ERROR_CODE,CREAT_DT,FRST_REGIST_PNTTM,FRST_REGISTER_ID) VALUES (2,'EgovBoardService','insertBoardArticle','20250220',5,2,10,0,1,0,'test1','127.0.0.1','S','N',NULL,TO_DATE('2025-02-20 11:00:00','YYYY-MM-DD HH24:MI:SS'),TO_DATE('2025-02-20 11:00:00','YYYY-MM-DD HH24:MI:SS'),'test1');
INSERT INTO TB_CONECT_LOG(LOG_ID,SRVC_NM,METHOD_NM,OCCRRNC_DE,CREAT_CO,UPDT_CO,RDCNT,DELETE_CO,OUTPT_CO,ERROR_CO,CONECT_ID,CONECT_IP,CONECT_MTHD,ERROR_OCCRRNC_AT,ERROR_CODE,CREAT_DT,FRST_REGIST_PNTTM,FRST_REGISTER_ID) VALUES (3,'EgovUserService','selectUserList','20250318',8,0,25,0,0,1,'admin','127.0.0.1','S','Y','500',TO_DATE('2025-03-18 14:30:00','YYYY-MM-DD HH24:MI:SS'),TO_DATE('2025-03-18 14:30:00','YYYY-MM-DD HH24:MI:SS'),'admin');
INSERT INTO TB_CONECT_LOG(LOG_ID,SRVC_NM,METHOD_NM,OCCRRNC_DE,CREAT_CO,UPDT_CO,RDCNT,DELETE_CO,OUTPT_CO,ERROR_CO,CONECT_ID,CONECT_IP,CONECT_MTHD,ERROR_OCCRRNC_AT,ERROR_CODE,CREAT_DT,FRST_REGIST_PNTTM,FRST_REGISTER_ID) VALUES (4,'EgovUserService','updateUser','20250412',3,7,18,2,0,0,'test1','127.0.0.1','S','N',NULL,TO_DATE('2025-04-12 16:05:00','YYYY-MM-DD HH24:MI:SS'),TO_DATE('2025-04-12 16:05:00','YYYY-MM-DD HH24:MI:SS'),'test1');
INSERT INTO TB_CONECT_LOG(LOG_ID,SRVC_NM,METHOD_NM,OCCRRNC_DE,CREAT_CO,UPDT_CO,RDCNT,DELETE_CO,OUTPT_CO,ERROR_CO,CONECT_ID,CONECT_IP,CONECT_MTHD,ERROR_OCCRRNC_AT,ERROR_CODE,CREAT_DT,FRST_REGIST_PNTTM,FRST_REGISTER_ID) VALUES (5,'EgovStatsService','selectConectStats','20250510',0,0,33,0,4,0,'admin','127.0.0.1','S','N',NULL,TO_DATE('2025-05-10 10:45:00','YYYY-MM-DD HH24:MI:SS'),TO_DATE('2025-05-10 10:45:00','YYYY-MM-DD HH24:MI:SS'),'admin');
INSERT INTO TB_CONECT_LOG(LOG_ID,SRVC_NM,METHOD_NM,OCCRRNC_DE,CREAT_CO,UPDT_CO,RDCNT,DELETE_CO,OUTPT_CO,ERROR_CO,CONECT_ID,CONECT_IP,CONECT_MTHD,ERROR_OCCRRNC_AT,ERROR_CODE,CREAT_DT,FRST_REGIST_PNTTM,FRST_REGISTER_ID) VALUES (6,'EgovBoardService','selectBoardList','20250612',20,5,60,3,2,1,'test1','127.0.0.1','S','Y','404',TO_DATE('2025-06-12 08:20:00','YYYY-MM-DD HH24:MI:SS'),TO_DATE('2025-06-12 08:20:00','YYYY-MM-DD HH24:MI:SS'),'test1');
INSERT INTO TB_CONECT_LOG(LOG_ID,SRVC_NM,METHOD_NM,OCCRRNC_DE,CREAT_CO,UPDT_CO,RDCNT,DELETE_CO,OUTPT_CO,ERROR_CO,CONECT_ID,CONECT_IP,CONECT_MTHD,ERROR_OCCRRNC_AT,ERROR_CODE,CREAT_DT,FRST_REGIST_PNTTM,FRST_REGISTER_ID) VALUES (7,'EgovFileService','selectFileList','20250612',2,1,9,0,0,0,'admin','127.0.0.1','S','N',NULL,TO_DATE('2025-06-12 13:15:00','YYYY-MM-DD HH24:MI:SS'),TO_DATE('2025-06-12 13:15:00','YYYY-MM-DD HH24:MI:SS'),'admin');
INSERT INTO TB_LOGIN_POLICY (EMPLYR_ID, IP_INFO, DPLCT_PERM_AT, LMTT_AT, FRST_REGIST_PNTTM, FRST_REGISTER_ID, LAST_UPDT_PNTTM, LAST_UPDUSR_ID) VALUES ('admin','192.168.0.1','Y','N',CURRENT_TIMESTAMP,'admin',CURRENT_TIMESTAMP,'admin');
INSERT INTO TB_LOGIN_POLICY (EMPLYR_ID, IP_INFO, DPLCT_PERM_AT, LMTT_AT, FRST_REGIST_PNTTM, FRST_REGISTER_ID, LAST_UPDT_PNTTM, LAST_UPDUSR_ID) VALUES ('user','127.0.0.1','Y','Y',CURRENT_TIMESTAMP,'admin',CURRENT_TIMESTAMP,'admin');
INSERT INTO TB_PROGRM_CHANGE_DTLS (PROGRM_FILE_NM, REQUST_NO, PROGRM_KOREAN_NM, RQESTER_ID, CHANGE_REQUST_CN, REQUST_PROCESS_CN, OPETR_ID, PROCESS_STTUS_CODE, PROCESS_DE, REQUST_DE, REQUST_SJ) VALUES ('EgovProgramListManage.do',1,'프로그램목록관리','admin','목록 페이징 오류 수정 요청','',NULL,'A',NULL,'20250101','목록 페이징 오류');
INSERT INTO TB_PROGRM_CHANGE_DTLS (PROGRM_FILE_NM, REQUST_NO, PROGRM_KOREAN_NM, RQESTER_ID, CHANGE_REQUST_CN, REQUST_PROCESS_CN, OPETR_ID, PROCESS_STTUS_CODE, PROCESS_DE, REQUST_DE, REQUST_SJ) VALUES ('EgovCcmCmmnCodeList.do',1,'공통코드관리','admin','공통코드 검색조건 추가 요청','담당자 배정 후 분석 진행중','admin','P',NULL,'20250115','공통코드 검색조건 추가');
INSERT INTO TB_PROGRM_CHANGE_DTLS (PROGRM_FILE_NM, REQUST_NO, PROGRM_KOREAN_NM, RQESTER_ID, CHANGE_REQUST_CN, REQUST_PROCESS_CN, OPETR_ID, PROCESS_STTUS_CODE, PROCESS_DE, REQUST_DE, REQUST_SJ) VALUES ('EgovMenuManage.do',1,'메뉴목록관리','admin','메뉴 정렬순서 변경 요청','정렬순서 변경 반영 완료','admin','C','20250220','20250201','메뉴 정렬순서 변경');
INSERT INTO TB_PROGRM_LIST (PROGRM_FILE_NM, PROGRM_STRE_PATH, PROGRM_KOREAN_NM, PROGRM_DC, URL) VALUES ('EgovProgramListManageSelect', '/sym/prm', '프로그램관리', '프로그램목록 관리 화면', '/sym/prm/EgovProgramListManageSelect.do');
INSERT INTO TB_PROGRM_LIST (PROGRM_FILE_NM, PROGRM_STRE_PATH, PROGRM_KOREAN_NM, PROGRM_DC, URL) VALUES ('EgovMenuManageSelect', '/sym/mnu/mpm', '메뉴관리', '메뉴목록 관리 화면', '/sym/mnu/mpm/EgovMenuManageSelect.do');
INSERT INTO TB_PROGRM_LIST (PROGRM_FILE_NM, PROGRM_STRE_PATH, PROGRM_KOREAN_NM, PROGRM_DC, URL) VALUES ('EgovMenuCreatManageSelect', '/sym/mnu/mcm', '메뉴생성관리', '권한별 메뉴생성 관리 화면', '/sym/mnu/mcm/EgovMenuCreatManageSelect.do');
INSERT INTO TB_PROGRM_LIST (PROGRM_FILE_NM, PROGRM_STRE_PATH, PROGRM_KOREAN_NM, PROGRM_DC, URL) VALUES ('EgovCcmCmmnClCodeList', '/sym/ccm/ccc', '공통분류코드관리', '공통분류코드 관리 화면', '/sym/ccm/ccc/EgovCcmCmmnClCodeList.do');
INSERT INTO TB_PROGRM_LIST (PROGRM_FILE_NM, PROGRM_STRE_PATH, PROGRM_KOREAN_NM, PROGRM_DC, URL) VALUES ('EgovCcmCmmnCodeList', '/sym/ccm/cca', '공통코드관리', '공통코드 관리 화면', '/sym/ccm/cca/EgovCcmCmmnCodeList.do');
INSERT INTO TB_PROGRM_LIST (PROGRM_FILE_NM, PROGRM_STRE_PATH, PROGRM_KOREAN_NM, PROGRM_DC, URL) VALUES ('EgovCcmCmmnDetailCodeList', '/sym/ccm/cde', '공통상세코드관리', '공통상세코드 관리 화면', '/sym/ccm/cde/EgovCcmCmmnDetailCodeList.do');
INSERT INTO TB_PROGRM_LIST (PROGRM_FILE_NM, PROGRM_STRE_PATH, PROGRM_KOREAN_NM, PROGRM_DC, URL) VALUES ('EgovUserManage', '/uss/umt/user', '회원관리', '사용자(회원) 관리 화면', '/uss/umt/user/EgovUserManage.do');
INSERT INTO TB_PROGRM_LIST (PROGRM_FILE_NM, PROGRM_STRE_PATH, PROGRM_KOREAN_NM, PROGRM_DC, URL) VALUES ('EgovGroupList', '/sec/gmt', '그룹관리', '사용자 그룹 관리 화면', '/sec/gmt/EgovGroupList.do');
INSERT INTO TB_PROGRM_LIST (PROGRM_FILE_NM, PROGRM_STRE_PATH, PROGRM_KOREAN_NM, PROGRM_DC, URL) VALUES ('EgovRoleList', '/sec/rmt', '롤관리', '롤(Role) 관리 화면', '/sec/rmt/EgovRoleList.do');
INSERT INTO TB_PROGRM_LIST (PROGRM_FILE_NM, PROGRM_STRE_PATH, PROGRM_KOREAN_NM, PROGRM_DC, URL) VALUES ('EgovAuthorList', '/sec/ram', '권한관리', '권한 관리 화면', '/sec/ram/EgovAuthorList.do');
INSERT INTO TB_PROGRM_LIST (PROGRM_FILE_NM, PROGRM_STRE_PATH, PROGRM_KOREAN_NM, PROGRM_DC, URL) VALUES ('EgovAuthorGroupList', '/sec/rgm', '권한그룹관리', '권한별 그룹 관리 화면', '/sec/rgm/EgovAuthorGroupList.do');
INSERT INTO TB_PROGRM_LIST (PROGRM_FILE_NM, PROGRM_STRE_PATH, PROGRM_KOREAN_NM, PROGRM_DC, URL) VALUES ('SelectBBSMasterInfs', '/cop/bbs', '게시판관리', '게시판 마스터 관리 화면', '/cop/bbs/SelectBBSMasterInfs.do');
INSERT INTO TB_PROGRM_LIST (PROGRM_FILE_NM, PROGRM_STRE_PATH, PROGRM_KOREAN_NM, PROGRM_DC, URL) VALUES ('EgovQustnrTmplatManageList', '/uss/olp/qtm', '설문템플릿관리', '설문 템플릿 관리 화면', '/uss/olp/qtm/EgovQustnrTmplatManageList.do');
INSERT INTO TB_PROGRM_LIST (PROGRM_FILE_NM, PROGRM_STRE_PATH, PROGRM_KOREAN_NM, PROGRM_DC, URL) VALUES ('EgovQustnrManageList', '/uss/olp/qmc', '설문관리', '설문 관리 화면', '/uss/olp/qmc/EgovQustnrManageList.do');
INSERT INTO TB_PROGRM_LIST (PROGRM_FILE_NM, PROGRM_STRE_PATH, PROGRM_KOREAN_NM, PROGRM_DC, URL) VALUES ('selectBannerList', '/uss/ion/bnr', '배너관리', '배너 관리 화면', '/uss/ion/bnr/selectBannerList.do');
INSERT INTO TB_PROGRM_LIST (PROGRM_FILE_NM, PROGRM_STRE_PATH, PROGRM_KOREAN_NM, PROGRM_DC, URL) VALUES ('EgovRestdeList', '/sym/cal', '휴일관리', '휴일(달력) 관리 화면', '/sym/cal/EgovRestdeList.do');
INSERT INTO TB_CTSNN_MANAGE(CTSNN_ID,USER_ID,CTSNN_CODE,REQST_DE,CTSNN_NM,TRGTER_NM,BRTHDY,OCCRRNC_DE,RELATE,RM,SANCTNER_ID,CONFM_AT,INFRML_SANCTN_ID,FRST_REGISTER_ID,FRST_REGIST_PNTTM) VALUES ('CTSNN_00000000000001','USRCNFRM_00000000000','01','2026-06-01','샘플 콘텐츠 신청','홍길동','1990','2026-05-20','01','샘플 콘텐츠 신청 사유입니다.','USRCNFRM_00000000000','Y','','admin',TO_DATE('2026-06-01 00:00:00','YYYY-MM-DD HH24:MI:SS'));
INSERT INTO TB_CTSNN_MANAGE(CTSNN_ID,USER_ID,CTSNN_CODE,REQST_DE,CTSNN_NM,TRGTER_NM,BRTHDY,OCCRRNC_DE,RELATE,RM,SANCTNER_ID,CONFM_AT,INFRML_SANCTN_ID,FRST_REGISTER_ID,FRST_REGIST_PNTTM) VALUES ('CTSNN_00000000000002','USRCNFRM_00000000000','02','2026-06-10','두 번째 콘텐츠','김철수','1985','2026-06-05','02','두 번째 콘텐츠 사유.','','N','','admin',TO_DATE('2026-06-10 00:00:00','YYYY-MM-DD HH24:MI:SS'));
INSERT INTO TB_RSS(RSS_ID,TRGET_SVC_NM,TRGET_SVC_TABLE,TRGET_SVC_LIST_CO,HDER_TITLE,HDER_LINK,FRST_REGIST_PNTTM,FRST_REGISTER_ID) VALUES ('RSS_0000000000001','공지사항 RSS','TB_BBS',10,'표준프레임워크 공지','https://www.egovframe.go.kr',TO_DATE('2026-06-01 09:00:00','YYYY-MM-DD HH24:MI:SS'),'admin');
INSERT INTO TB_RSS(RSS_ID,TRGET_SVC_NM,TRGET_SVC_TABLE,TRGET_SVC_LIST_CO,HDER_TITLE,HDER_LINK,FRST_REGIST_PNTTM,FRST_REGISTER_ID) VALUES ('RSS_0000000000002','자료실 RSS','TB_BBS',20,'자료실 피드','https://www.egovframe.go.kr/data',TO_DATE('2026-06-02 10:00:00','YYYY-MM-DD HH24:MI:SS'),'admin');
INSERT INTO TB_NTFC_INFO(NTCN_NO,NTCN_SJ,NTCN_CN,NTCN_TM,BH_NTCN_INTRVL,FRST_REGISTER_ID,FRST_REGIST_PNTTM) VALUES (1,'시스템 점검 안내','오늘 23시부터 정기 점검이 진행됩니다.',TO_DATE('2026-06-30 09:00:00','YYYY-MM-DD HH24:MI:SS'),'60,120','admin',TO_DATE('2026-06-29 09:00:00','YYYY-MM-DD HH24:MI:SS'));
INSERT INTO TB_NTFC_INFO(NTCN_NO,NTCN_SJ,NTCN_CN,NTCN_TM,BH_NTCN_INTRVL,FRST_REGISTER_ID,FRST_REGIST_PNTTM) VALUES (2,'보안 교육 알림','정보보안 교육을 이수해 주세요.',TO_DATE('2026-06-30 14:00:00','YYYY-MM-DD HH24:MI:SS'),'30','admin',TO_DATE('2026-06-29 10:00:00','YYYY-MM-DD HH24:MI:SS'));
INSERT INTO TB_INTNET_SVC(INTNET_SVC_ID,INTNET_SVC_NM,INTNET_SVC_DC,REFLCT_AT,FRST_REGISTER_ID,FRST_REGIST_PNTTM) VALUES ('INTNET_0000000001','민원 24 안내','정부24 연계 민원 서비스 안내','Y','admin',TO_DATE('2026-06-01 09:00:00','YYYY-MM-DD HH24:MI:SS'));
INSERT INTO TB_INTNET_SVC(INTNET_SVC_ID,INTNET_SVC_NM,INTNET_SVC_DC,REFLCT_AT,FRST_REGISTER_ID,FRST_REGIST_PNTTM) VALUES ('INTNET_0000000002','전자민원 서비스','온라인 전자민원 신청 안내','Y','admin',TO_DATE('2026-06-02 10:00:00','YYYY-MM-DD HH24:MI:SS'));
INSERT INTO TB_RECOMEND_SITE_INFO(RECOMEND_SITE_ID,RECOMEND_SITE_URL,RECOMEND_SITE_NM,RECOMEND_SITE_DC,RECOMEND_CONFM_AT,CONFM_DE,FRST_REGIST_PNTTM,FRST_REGISTER_ID) VALUES ('RECOM_0000000001','https://www.egovframe.go.kr','전자정부 표준프레임워크','표준프레임워크 공식 포털','Y','2026-06-01',TO_DATE('2026-06-01 09:00:00','YYYY-MM-DD HH24:MI:SS'),'admin');
INSERT INTO TB_RECOMEND_SITE_INFO(RECOMEND_SITE_ID,RECOMEND_SITE_URL,RECOMEND_SITE_NM,RECOMEND_SITE_DC,RECOMEND_CONFM_AT,CONFM_DE,FRST_REGIST_PNTTM,FRST_REGISTER_ID) VALUES ('RECOM_0000000002','https://www.gov.kr','정부24','대한민국 정부 대표 포털','N',NULL,TO_DATE('2026-06-02 10:00:00','YYYY-MM-DD HH24:MI:SS'),'admin');
INSERT INTO TB_ROUGHMAP(ROUGHMAP_ID,ROUGHMAPSJ,ROUGHMAPADDRESS,ZOOMLEVEL,FRST_REGISTER_ID,FRST_REGIST_PNTTM,LAST_UPDT_PNTTM) VALUES ('ROUGHMAP_00000001','정부서울청사','서울특별시 종로구 세종대로 209','3','admin',TO_DATE('2026-06-01 09:00:00','YYYY-MM-DD HH24:MI:SS'),TO_DATE('2026-06-01 09:00:00','YYYY-MM-DD HH24:MI:SS'));
INSERT INTO TB_ROUGHMAP(ROUGHMAP_ID,ROUGHMAPSJ,ROUGHMAPADDRESS,ZOOMLEVEL,FRST_REGISTER_ID,FRST_REGIST_PNTTM,LAST_UPDT_PNTTM) VALUES ('ROUGHMAP_00000002','정부세종청사','세종특별자치시 한누리대로 411','3','admin',TO_DATE('2026-06-02 10:00:00','YYYY-MM-DD HH24:MI:SS'),TO_DATE('2026-06-02 10:00:00','YYYY-MM-DD HH24:MI:SS'));
INSERT INTO TB_UNITY_LINK(UNITY_LINK_ID,UNITY_LINK_SE_CODE,UNITY_LINK_NM,UNITY_LINK_URL,UNITY_LINK_DC,FRST_REGIST_PNTTM,FRST_REGISTER_ID) VALUES ('UNITYLINK_0000001','COM039_01','정부24','https://www.gov.kr','대한민국 정부 대표 포털',TO_DATE('2026-06-01 09:00:00','YYYY-MM-DD HH24:MI:SS'),'admin');
INSERT INTO TB_UNITY_LINK(UNITY_LINK_ID,UNITY_LINK_SE_CODE,UNITY_LINK_NM,UNITY_LINK_URL,UNITY_LINK_DC,FRST_REGIST_PNTTM,FRST_REGISTER_ID) VALUES ('UNITYLINK_0000002','COM039_02','표준프레임워크','https://www.egovframe.go.kr','전자정부 표준프레임워크 포털',TO_DATE('2026-06-02 10:00:00','YYYY-MM-DD HH24:MI:SS'),'admin');
INSERT INTO TB_SITE_LIST(SITE_ID,SITE_URL,SITE_NM,SITE_DC,SITE_THEMA_CL_CODE,ACTVTY_AT,USE_AT,FRST_REGIST_PNTTM,FRST_REGISTER_ID) VALUES ('SITE_000000000001','https://www.egovframe.go.kr','표준프레임워크 포털','전자정부 표준프레임워크 공식 사이트','COM023_01','Y','Y',TO_DATE('2026-06-01 09:00:00','YYYY-MM-DD HH24:MI:SS'),'admin');
INSERT INTO TB_SITE_LIST(SITE_ID,SITE_URL,SITE_NM,SITE_DC,SITE_THEMA_CL_CODE,ACTVTY_AT,USE_AT,FRST_REGIST_PNTTM,FRST_REGISTER_ID) VALUES ('SITE_000000000002','https://www.gov.kr','정부24','대한민국 정부 대표 포털','COM023_02','Y','N',TO_DATE('2026-06-02 10:00:00','YYYY-MM-DD HH24:MI:SS'),'admin');
INSERT INTO TB_POPUP_MANAGE(POPUP_ID,POPUP_SJ_NM,POPUP_VRTICL_LC,POPUP_WIDTH_LC,POPUP_VRTICL_SIZE,POPUP_WIDTH_SIZE,NTCE_BGNDE,NTCE_ENDDE,NTCE_AT,FRST_REGIST_PNTTM,FRST_REGISTER_ID) VALUES ('POPUP_00000000001','시스템 점검 안내','100','100','300','400','2026-06-01','2026-12-31','Y',TO_DATE('2026-06-01 09:00:00','YYYY-MM-DD HH24:MI:SS'),'admin');
INSERT INTO TB_POPUP_MANAGE(POPUP_ID,POPUP_SJ_NM,POPUP_VRTICL_LC,POPUP_WIDTH_LC,POPUP_VRTICL_SIZE,POPUP_WIDTH_SIZE,NTCE_BGNDE,NTCE_ENDDE,NTCE_AT,FRST_REGIST_PNTTM,FRST_REGISTER_ID) VALUES ('POPUP_00000000002','신규 서비스 오픈','150','150','350','450','2026-06-15','2026-09-30','N',TO_DATE('2026-06-15 10:00:00','YYYY-MM-DD HH24:MI:SS'),'admin');
INSERT INTO TB_WIKI_BKMK(WIKI_BKMK_ID,USER_ID,WIKI_BKMK_NM,FRST_REGIST_PNTTM,FRST_REGISTER_ID) VALUES ('WIKIBKMK_00000001','USRCNFRM_00000000000','표준프레임워크 가이드',TO_DATE('2026-06-01 09:00:00','YYYY-MM-DD HH24:MI:SS'),'USRCNFRM_00000000000');
INSERT INTO TB_WIKI_BKMK(WIKI_BKMK_ID,USER_ID,WIKI_BKMK_NM,FRST_REGIST_PNTTM,FRST_REGISTER_ID) VALUES ('WIKIBKMK_00000002','USRCNFRM_00000000000','공통컴포넌트 매뉴얼',TO_DATE('2026-06-02 10:00:00','YYYY-MM-DD HH24:MI:SS'),'USRCNFRM_00000000000');
INSERT INTO TB_EVENT_MANAGE(EVENT_ID,EVENT_SE,EVENT_NM,EVENT_PURPS,EVENT_BGNDE,EVENT_ENDDE,RCEPT_BGNDE,RCEPT_ENDDE,EVENT_PLACE,EVENT_MNGT_INSTT_NM,FRST_REGISTER_ID,FRST_REGIST_PNTTM) VALUES ('EVENT_00000000001','01','전자정부 표준프레임워크 교육','표준프레임워크 실무 교육 행사','20260701','20260703','20260601','20260630','정부세종청사 대강당','행정안전부','admin',TO_DATE('2026-06-01 09:00:00','YYYY-MM-DD HH24:MI:SS'));
INSERT INTO TB_EVENT_MANAGE(EVENT_ID,EVENT_SE,EVENT_NM,EVENT_PURPS,EVENT_BGNDE,EVENT_ENDDE,RCEPT_BGNDE,RCEPT_ENDDE,EVENT_PLACE,EVENT_MNGT_INSTT_NM,FRST_REGISTER_ID,FRST_REGIST_PNTTM) VALUES ('EVENT_00000000002','02','공통컴포넌트 활용 세미나','공통컴포넌트 도입 사례 세미나','20260810','20260810','20260701','20260805','온라인(비대면)','한국지능정보사회진흥원','admin',TO_DATE('2026-06-05 10:00:00','YYYY-MM-DD HH24:MI:SS'));
INSERT INTO TB_RWARD_MANAGE(RWARD_ID,RWARDWNR_ID,RWARD_CODE,RWARD_DE,RWARD_NM,PBLEN_CN,SANCTNER_ID,CONFM_AT,SANCTN_DT,FRST_REGISTER_ID,FRST_REGIST_PNTTM) VALUES ('RWARD_00000000001','USRCNFRM_00000000000','01','20260601','우수 공무원 표창','정보화 사업 우수 기여','USRCNFRM_00000000000','Y','20260602','admin',TO_DATE('2026-06-01 09:00:00','YYYY-MM-DD HH24:MI:SS'));
INSERT INTO TB_RWARD_MANAGE(RWARD_ID,RWARDWNR_ID,RWARD_CODE,RWARD_DE,RWARD_NM,PBLEN_CN,SANCTNER_ID,CONFM_AT,SANCTN_DT,FRST_REGISTER_ID,FRST_REGIST_PNTTM) VALUES ('RWARD_00000000002','USRCNFRM_00000000000','02','20260615','모범 직원 포상','민원 처리 모범','USRCNFRM_00000000000','N','20260616','admin',TO_DATE('2026-06-15 10:00:00','YYYY-MM-DD HH24:MI:SS'));
INSERT INTO TB_NEWS_INFO(NEWS_ID,NEWS_SJ,NEWS_CN,NEWS_ORIGIN,NTCE_DE,FRST_REGISTER_ID,FRST_REGIST_PNTTM) VALUES ('NEWS_0000000001','표준프레임워크 5.0 출시','전자정부 표준프레임워크 5.0 정식 출시 소식','행정안전부','20260601','admin',TO_DATE('2026-06-01 09:00:00','YYYY-MM-DD HH24:MI:SS'));
INSERT INTO TB_NEWS_INFO(NEWS_ID,NEWS_SJ,NEWS_CN,NEWS_ORIGIN,NTCE_DE,FRST_REGISTER_ID,FRST_REGIST_PNTTM) VALUES ('NEWS_0000000002','공통컴포넌트 Boot 전환','공통컴포넌트 Spring Boot 전환 프로젝트 진행','NIA','20260615','admin',TO_DATE('2026-06-15 10:00:00','YYYY-MM-DD HH24:MI:SS'));
INSERT INTO TB_MAIN_IMAGE(IMAGE_ID,IMAGE_NM,IMAGE,IMAGE_FILE,IMAGE_DC,REFLCT_AT,FRST_REGISTER_ID,FRST_REGIST_PNTTM) VALUES ('MAINIMG_00000001','메인 배너 1','main1.png','/images/main1.png','상단 메인 배너','Y','admin',TO_DATE('2026-06-01 09:00:00','YYYY-MM-DD HH24:MI:SS'));
INSERT INTO TB_MAIN_IMAGE(IMAGE_ID,IMAGE_NM,IMAGE,IMAGE_FILE,IMAGE_DC,REFLCT_AT,FRST_REGISTER_ID,FRST_REGIST_PNTTM) VALUES ('MAINIMG_00000002','메인 배너 2','main2.png','/images/main2.png','보조 메인 배너','N','admin',TO_DATE('2026-06-02 10:00:00','YYYY-MM-DD HH24:MI:SS'));
INSERT INTO TB_LOGIN_SCRIN_IMAGE(IMAGE_ID,IMAGE_NM,IMAGE,IMAGE_FILE,IMAGE_DC,REFLCT_AT,FRST_REGISTER_ID,FRST_REGIST_PNTTM) VALUES ('LOGINIMG_0000001','로그인 배경 1','login1.jpg','/images/login1.jpg','로그인 화면 배경','Y','admin',TO_DATE('2026-06-01 09:00:00','YYYY-MM-DD HH24:MI:SS'));
INSERT INTO TB_LOGIN_SCRIN_IMAGE(IMAGE_ID,IMAGE_NM,IMAGE,IMAGE_FILE,IMAGE_DC,REFLCT_AT,FRST_REGISTER_ID,FRST_REGIST_PNTTM) VALUES ('LOGINIMG_0000002','로그인 배경 2','login2.jpg','/images/login2.jpg','로그인 화면 배경 대체','N','admin',TO_DATE('2026-06-02 10:00:00','YYYY-MM-DD HH24:MI:SS'));
INSERT INTO TB_MTG_PLACE_MANAGE(MTGRUM_ID,MTGRUM_NM,OPN_BEGIN_TM,OPN_END_TM,ACEPTNC_POSBL_NMPR,LC_SE,LC_DETAIL,FRST_REGISTER_ID,FRST_REGIST_PNTTM) VALUES ('MTGRUM_000000001','본관 대회의실','0800','2000',50,'01','본관 3층 301호','admin',TO_DATE('2026-06-01 09:00:00','YYYY-MM-DD HH24:MI:SS'));
INSERT INTO TB_MTG_PLACE_MANAGE(MTGRUM_ID,MTGRUM_NM,OPN_BEGIN_TM,OPN_END_TM,ACEPTNC_POSBL_NMPR,LC_SE,LC_DETAIL,FRST_REGISTER_ID,FRST_REGIST_PNTTM) VALUES ('MTGRUM_000000002','별관 소회의실','0900','1800',10,'02','별관 2층 201호','admin',TO_DATE('2026-06-02 10:00:00','YYYY-MM-DD HH24:MI:SS'));
INSERT INTO TB_WORD_DICARY_INFO(WORD_ID,WORD_NM,ENG_NM,WORD_DC,SYNONM,FRST_REGISTER_ID,FRST_REGIST_PNTTM) VALUES ('WORD_0000000001','공통컴포넌트','Common Component','전자정부 표준프레임워크에서 재사용 가능한 표준 기능 단위','공통모듈','USRCNFRM_00000000000',TO_DATE('2026-06-01 09:00:00','YYYY-MM-DD HH24:MI:SS'));
INSERT INTO TB_WORD_DICARY_INFO(WORD_ID,WORD_NM,ENG_NM,WORD_DC,SYNONM,FRST_REGISTER_ID,FRST_REGIST_PNTTM) VALUES ('WORD_0000000002','표준프레임워크','eGovFrame','대한민국 전자정부 표준 개발 프레임워크','eGov,표준프레임','USRCNFRM_00000000000',TO_DATE('2026-06-02 10:00:00','YYYY-MM-DD HH24:MI:SS'));
INSERT INTO TB_INDVDL_PGE_CNTNTS(CNTNTS_ID,CNTNTS_NM,CNTC_URL,CNTNTS_USE_AT,CNTNTS_LINK_URL,CNTNTS_DC,FRST_REGISTER_ID,FRST_REGIST_PNTTM) VALUES ('CNTNTS_000000001','공지사항 위젯','/cop/bbs/selectBoardList.do','Y','https://www.egovframe.go.kr','메인 공지 콘텐츠','admin',TO_DATE('2026-06-01 09:00:00','YYYY-MM-DD HH24:MI:SS'));
INSERT INTO TB_INDVDL_PGE_CNTNTS(CNTNTS_ID,CNTNTS_NM,CNTC_URL,CNTNTS_USE_AT,CNTNTS_LINK_URL,CNTNTS_DC,FRST_REGISTER_ID,FRST_REGIST_PNTTM) VALUES ('CNTNTS_000000002','FAQ 위젯','/uss/olh/faq/FaqListInqire.do','Y','https://www.egovframe.go.kr/faq','자주 묻는 질문 콘텐츠','admin',TO_DATE('2026-06-02 10:00:00','YYYY-MM-DD HH24:MI:SS'));
INSERT INTO TB_HPCM_INFO(HPCM_ID,HPCM_SE_CODE,HPCM_DFN,HPCM_DC,FRST_REGISTER_ID,FRST_REGIST_PNTTM) VALUES ('HPCM_0000000001','01','로그인 방법','아이디와 비밀번호를 입력하고 로그인 버튼을 누릅니다.','admin',TO_DATE('2026-06-01 09:00:00','YYYY-MM-DD HH24:MI:SS'));
INSERT INTO TB_HPCM_INFO(HPCM_ID,HPCM_SE_CODE,HPCM_DFN,HPCM_DC,FRST_REGISTER_ID,FRST_REGIST_PNTTM) VALUES ('HPCM_0000000002','02','게시글 작성','게시판에서 등록 버튼을 눌러 새 글을 작성합니다.','admin',TO_DATE('2026-06-02 10:00:00','YYYY-MM-DD HH24:MI:SS'));
INSERT INTO TB_COMMUTE(WRKTM_ID,EMPLYR_ID,ORGNZT_ID,WRKT_DT,WRK_START_TIME,WRK_END_TIME,WRK_HOURS,OVTMWRK_HOURS,WRK_START_STATUS,WRK_END_STATUS,FRST_REGISTER_ID,FRST_REGIST_PNTTM) VALUES ('WRKTM_00000000001','USRCNFRM_00000000000','ORGNZT_0000000000001','20260629','0855','1810','8','1','Y','Y','admin',TO_DATE('2026-06-29 09:00:00','YYYY-MM-DD HH24:MI:SS'));
INSERT INTO TB_COMMUTE(WRKTM_ID,EMPLYR_ID,ORGNZT_ID,WRKT_DT,WRK_START_TIME,WRK_END_TIME,WRK_HOURS,OVTMWRK_HOURS,WRK_START_STATUS,WRK_END_STATUS,FRST_REGISTER_ID,FRST_REGIST_PNTTM) VALUES ('WRKTM_00000000002','USRCNFRM_00000000000','ORGNZT_0000000000001','20260630','0850','','','','Y','N','admin',TO_DATE('2026-06-30 09:00:00','YYYY-MM-DD HH24:MI:SS'));
INSERT INTO TB_ADMINISTRATION_WORD(ADMINIST_WORD_ID,ADMINIST_WORD_NM,ADMINIST_WORD_ENG_NM,ADMINIST_WORD_ABRV_NM,THEMA_RELM,WORD_SE,ADMINIST_WORD_DFN,FRST_REGISTER_ID,FRST_REGIST_PNTTM) VALUES ('AWORD_00000000001','전자정부','e-Government','eGov','정보화','01','정보통신기술을 활용하여 행정업무를 전자화한 정부','admin',TO_DATE('2026-06-01 09:00:00','YYYY-MM-DD HH24:MI:SS'));
INSERT INTO TB_ADMINISTRATION_WORD(ADMINIST_WORD_ID,ADMINIST_WORD_NM,ADMINIST_WORD_ENG_NM,ADMINIST_WORD_ABRV_NM,THEMA_RELM,WORD_SE,ADMINIST_WORD_DFN,FRST_REGISTER_ID,FRST_REGIST_PNTTM) VALUES ('AWORD_00000000002','공통컴포넌트','Common Component','CC','정보화','01','표준프레임워크에서 재사용 가능한 표준 기능 모듈','admin',TO_DATE('2026-06-02 10:00:00','YYYY-MM-DD HH24:MI:SS'));
INSERT INTO TB_NOTE(NOTE_ID,NOTE_SJ,NOTE_CN,FRST_REGISTER_ID,FRST_REGIST_PNTTM) VALUES ('NOTE_0000000001','회의 일정 안내','내일 오후 2시 대회의실에서 회의가 있습니다.','USRCNFRM_00000000000',TO_DATE('2026-06-29 09:00:00','YYYY-MM-DD HH24:MI:SS'));
INSERT INTO TB_NOTE(NOTE_ID,NOTE_SJ,NOTE_CN,FRST_REGISTER_ID,FRST_REGIST_PNTTM) VALUES ('NOTE_0000000002','자료 요청','지난 프로젝트 자료를 공유 부탁드립니다.','USRCNFRM_00000000000',TO_DATE('2026-06-30 10:00:00','YYYY-MM-DD HH24:MI:SS'));
INSERT INTO TB_NOTE_TRNSMIT(NOTE_TRNSMIT_ID,NOTE_ID,TRNSMITER_ID,FRST_REGISTER_ID,FRST_REGIST_PNTTM) VALUES ('NOTETRNS_00000001','NOTE_0000000001','USRCNFRM_00000000000','USRCNFRM_00000000000',TO_DATE('2026-06-29 09:00:00','YYYY-MM-DD HH24:MI:SS'));
INSERT INTO TB_NOTE_TRNSMIT(NOTE_TRNSMIT_ID,NOTE_ID,TRNSMITER_ID,FRST_REGISTER_ID,FRST_REGIST_PNTTM) VALUES ('NOTETRNS_00000002','NOTE_0000000002','USRCNFRM_00000000000','USRCNFRM_00000000000',TO_DATE('2026-06-30 10:00:00','YYYY-MM-DD HH24:MI:SS'));
INSERT INTO TB_NOTE_RECPTN(NOTE_RECPTN_ID,NOTE_ID,NOTE_TRNSMIT_ID,RCVER_ID,READNG_AT,OPEN_YN,RECPTN_SE,FRST_REGISTER_ID,FRST_REGIST_PNTTM) VALUES ('NOTERCP_000000001','NOTE_0000000001','NOTETRNS_00000001','USRCNFRM_00000000000','Y','Y','01','USRCNFRM_00000000000',TO_DATE('2026-06-29 09:00:00','YYYY-MM-DD HH24:MI:SS'));
INSERT INTO TB_NOTE_RECPTN(NOTE_RECPTN_ID,NOTE_ID,NOTE_TRNSMIT_ID,RCVER_ID,READNG_AT,OPEN_YN,RECPTN_SE,FRST_REGISTER_ID,FRST_REGIST_PNTTM) VALUES ('NOTERCP_000000002','NOTE_0000000002','NOTETRNS_00000002','USRCNFRM_00000000000','N','N','01','USRCNFRM_00000000000',TO_DATE('2026-06-30 10:00:00','YYYY-MM-DD HH24:MI:SS'));
INSERT INTO TB_INDVDL_YRYC_MANAGE(OCCRRNC_YEAR,USER_ID,YRYC_OCCRRNC_CO,USE_YRYC_CO,REMNDR_YRYC_CO,FRST_REGISTER_ID,FRST_REGIST_PNTTM) VALUES ('2026','USRCNFRM_00000000000',15,3,12,'admin',TO_DATE('2026-01-01 09:00:00','YYYY-MM-DD HH24:MI:SS'));
INSERT INTO TB_INDVDL_YRYC_MANAGE(OCCRRNC_YEAR,USER_ID,YRYC_OCCRRNC_CO,USE_YRYC_CO,REMNDR_YRYC_CO,FRST_REGISTER_ID,FRST_REGIST_PNTTM) VALUES ('2025','USRCNFRM_00000000000',15,15,0,'admin',TO_DATE('2025-01-01 09:00:00','YYYY-MM-DD HH24:MI:SS'));
INSERT INTO TB_ANNVRSRY_MANAGE(ANNVRSRY_ID,USER_ID,ANNVRSRY_SE,ANNVRSRY_NM,ANNVRSRY,CLDR_SE,ANNVRSRY_NTCN_BGNDE,REPTIT_AT,FRST_REGISTER_ID,FRST_REGIST_PNTTM) VALUES ('ANNVRSRY_00000001','USRCNFRM_00000000000','01','창립기념일','20260815','01','20260810','Y','admin',TO_DATE('2026-06-01 09:00:00','YYYY-MM-DD HH24:MI:SS'));
INSERT INTO TB_ANNVRSRY_MANAGE(ANNVRSRY_ID,USER_ID,ANNVRSRY_SE,ANNVRSRY_NM,ANNVRSRY,CLDR_SE,ANNVRSRY_NTCN_BGNDE,REPTIT_AT,FRST_REGISTER_ID,FRST_REGIST_PNTTM) VALUES ('ANNVRSRY_00000002','USRCNFRM_00000000000','02','정보화의 날','20260524','01','20260520','N','admin',TO_DATE('2026-06-02 10:00:00','YYYY-MM-DD HH24:MI:SS'));
INSERT INTO TB_MTG_INFO(MTG_ID,MTG_NM,MTG_MTR_CN,MTG_DE,MTG_PLACE,MTG_BEGIN_TM,MTG_END_TM,ATDRN_CO,NONATDRN_CO,FRST_REGISTER_ID,FRST_REGIST_PNTTM) VALUES ('MTG_0000000000001','정보화 추진 회의','정보화 사업 추진현황 점검','20260615','본관 대회의실','1400','1600',12,2,'admin',TO_DATE('2026-06-10 09:00:00','YYYY-MM-DD HH24:MI:SS'));
INSERT INTO TB_MTG_INFO(MTG_ID,MTG_NM,MTG_MTR_CN,MTG_DE,MTG_PLACE,MTG_BEGIN_TM,MTG_END_TM,ATDRN_CO,NONATDRN_CO,FRST_REGISTER_ID,FRST_REGIST_PNTTM) VALUES ('MTG_0000000000002','공통컴포넌트 검토 회의','Boot 전환 진행상황 검토','20260620','별관 소회의실','1000','1130',8,1,'admin',TO_DATE('2026-06-18 10:00:00','YYYY-MM-DD HH24:MI:SS'));
INSERT INTO TB_RECENT_SRCHWRD_MANAGE(SRCHWRD_MANAGE_ID,SRCHWRD_MANAGE_NM,SRCHWRD_CONECT_URL,USER_SEARCH_AT,FRST_REGISTER_ID,FRST_REGIST_PNTTM) VALUES ('SRCHWRD_MNG_00001','통합검색','/search/total.do','Y','admin',TO_DATE('2026-06-01 09:00:00','YYYY-MM-DD HH24:MI:SS'));
INSERT INTO TB_RECENT_SRCHWRD_MANAGE(SRCHWRD_MANAGE_ID,SRCHWRD_MANAGE_NM,SRCHWRD_CONECT_URL,USER_SEARCH_AT,FRST_REGISTER_ID,FRST_REGIST_PNTTM) VALUES ('SRCHWRD_MNG_00002','게시판검색','/cop/bbs/search.do','N','admin',TO_DATE('2026-06-02 10:00:00','YYYY-MM-DD HH24:MI:SS'));
INSERT INTO TB_RECENT_SRCHWRD(SRCHWRD_ID,SRCHWRD_MANAGE_ID,SRCHWRD_NM,SRCHWRD_CO,FRST_REGISTER_ID,FRST_REGIST_PNTTM) VALUES ('SRCHWRD_0000000001','SRCHWRD_MNG_00001','공통컴포넌트',25,'admin',TO_DATE('2026-06-10 09:00:00','YYYY-MM-DD HH24:MI:SS'));
INSERT INTO TB_RECENT_SRCHWRD(SRCHWRD_ID,SRCHWRD_MANAGE_ID,SRCHWRD_NM,SRCHWRD_CO,FRST_REGISTER_ID,FRST_REGIST_PNTTM) VALUES ('SRCHWRD_0000000002','SRCHWRD_MNG_00001','표준프레임워크',18,'admin',TO_DATE('2026-06-11 10:00:00','YYYY-MM-DD HH24:MI:SS'));
INSERT INTO TB_EVENT_INFO(EVENT_ID,BSNS_YEAR,EVENT_SVC_BGNDE,EVENT_SVC_ENDDE,SVC_USE_NMPR_CO,CHARGER_NM,EVENT_CN,EVENT_TY_CODE,EVENT_CONFM_AT,FRST_REGISTER_ID,FRST_REGIST_PNTTM) VALUES ('EVTCMP_000000001','2026','20260701','20260731',100,'홍길동','여름 정보화 캠페인','01','Y','admin',TO_DATE('2026-06-01 09:00:00','YYYY-MM-DD HH24:MI:SS'));
INSERT INTO TB_EVENT_INFO(EVENT_ID,BSNS_YEAR,EVENT_SVC_BGNDE,EVENT_SVC_ENDDE,SVC_USE_NMPR_CO,CHARGER_NM,EVENT_CN,EVENT_TY_CODE,EVENT_CONFM_AT,FRST_REGISTER_ID,FRST_REGIST_PNTTM) VALUES ('EVTCMP_000000002','2026','20260901','20260930',50,'김담당','가을 공통컴포넌트 설명회','02','N','admin',TO_DATE('2026-06-15 10:00:00','YYYY-MM-DD HH24:MI:SS'));
INSERT INTO TB_VCATN_MANAGE(APPLCNT_ID,VCATN_SE,OCCRRNC_YEAR,BGNDE,ENDDE,REQST_DE,VCATN_RESN,NOON_SE,SANCTNER_ID,CONFM_AT,SANCTN_DT,FRST_REGISTER_ID,FRST_REGIST_PNTTM) VALUES ('USRCNFRM_00000000000','01','2026','20260703','20260704','20260630','여름 휴가','','USRCNFRM_00000000000','Y','20260701','admin',TO_DATE('2026-06-30 09:00:00','YYYY-MM-DD HH24:MI:SS'));
INSERT INTO TB_VCATN_MANAGE(APPLCNT_ID,VCATN_SE,OCCRRNC_YEAR,BGNDE,ENDDE,REQST_DE,VCATN_RESN,NOON_SE,SANCTNER_ID,CONFM_AT,SANCTN_DT,FRST_REGISTER_ID,FRST_REGIST_PNTTM) VALUES ('USRCNFRM_00000000000','02','2026','20260710','20260710','20260705','오전 반차','1','USRCNFRM_00000000000','N','','admin',TO_DATE('2026-06-29 09:00:00','YYYY-MM-DD HH24:MI:SS'));
INSERT INTO TB_BNDT_MANAGE(BNDT_ID,BNDT_DE,RM,FRST_REGISTER_ID,FRST_REGIST_PNTTM) VALUES ('BNDT_000000000001','20260704','주말 당직 - 본관','USRCNFRM_00000000000',TO_DATE('2026-06-25 09:00:00','YYYY-MM-DD HH24:MI:SS'));
INSERT INTO TB_BNDT_MANAGE(BNDT_ID,BNDT_DE,RM,FRST_REGISTER_ID,FRST_REGIST_PNTTM) VALUES ('BNDT_000000000002','20260711','야간 당직 - 별관','USRCNFRM_00000000000',TO_DATE('2026-06-26 10:00:00','YYYY-MM-DD HH24:MI:SS'));
INSERT INTO TB_BNDT_DIARY(BNDT_ID,BNDT_DE,RM,FRST_REGISTER_ID,FRST_REGIST_PNTTM) VALUES ('BNDT_000000000001','20260704','특이사항 없음','USRCNFRM_00000000000',TO_DATE('2026-07-04 22:00:00','YYYY-MM-DD HH24:MI:SS'));
INSERT INTO TB_ONLINE_POLL_MANAGE(POLL_ID,POLL_NM,POLL_BGNDE,POLL_ENDDE,POLL_KND,POLL_DSUSE_ENNC,FRST_REGISTER_ID,FRST_REGIST_PNTTM) VALUES ('POLL_00000000001','공통컴포넌트 만족도 조사','20260601','20260630','01','N','USRCNFRM_00000000000',TO_DATE('2026-05-25 09:00:00','YYYY-MM-DD HH24:MI:SS'));
INSERT INTO TB_ONLINE_POLL_MANAGE(POLL_ID,POLL_NM,POLL_BGNDE,POLL_ENDDE,POLL_KND,POLL_DSUSE_ENNC,FRST_REGISTER_ID,FRST_REGIST_PNTTM) VALUES ('POLL_00000000002','선호 UI 테마 투표','20260615','20260715','01','N','USRCNFRM_00000000000',TO_DATE('2026-06-10 10:00:00','YYYY-MM-DD HH24:MI:SS'));
INSERT INTO TB_ONLINE_POLL_IEM(POLL_ID,POLL_IEM_ID,POLL_IEM_NM,FRST_REGISTER_ID,FRST_REGIST_PNTTM) VALUES ('POLL_00000000001','ITEM_001','매우 만족','USRCNFRM_00000000000',TO_DATE('2026-05-25 09:00:00','YYYY-MM-DD HH24:MI:SS'));
INSERT INTO TB_ONLINE_POLL_IEM(POLL_ID,POLL_IEM_ID,POLL_IEM_NM,FRST_REGISTER_ID,FRST_REGIST_PNTTM) VALUES ('POLL_00000000001','ITEM_002','보통','USRCNFRM_00000000000',TO_DATE('2026-05-25 09:00:00','YYYY-MM-DD HH24:MI:SS'));
INSERT INTO TB_ONLINE_MANUAL(ONLINE_MNL_ID,ONLINE_MNL_NM,ONLINE_MNL_SE_CODE,ONLINE_MNL_DFN,ONLINE_MNL_DC,FRST_REGISTER_ID,FRST_REGIST_PNTTM) VALUES ('OMNL_000000000001','공통컴포넌트 사용자 매뉴얼','01','시스템 사용자용 안내서','로그인부터 게시판까지 기본 사용법','USRCNFRM_00000000000',TO_DATE('2026-03-01 09:00:00','YYYY-MM-DD HH24:MI:SS'));
INSERT INTO TB_ONLINE_MANUAL(ONLINE_MNL_ID,ONLINE_MNL_NM,ONLINE_MNL_SE_CODE,ONLINE_MNL_DFN,ONLINE_MNL_DC,FRST_REGISTER_ID,FRST_REGIST_PNTTM) VALUES ('OMNL_000000000002','관리자 운영 매뉴얼','02','관리자용 운영 안내서','권한·메뉴·코드 관리 방법','USRCNFRM_00000000000',TO_DATE('2026-03-02 10:00:00','YYYY-MM-DD HH24:MI:SS'));
INSERT INTO TB_CPYRHT_INFO(CPYRHT_ID,CPYRHT_PRTC_POLICY_CN,FRST_REGISTER_ID,FRST_REGIST_PNTTM) VALUES ('CPYRHT_0000000001','본 사이트의 모든 콘텐츠는 공공누리 제1유형에 따라 출처표시 조건으로 자유 이용이 가능합니다.','USRCNFRM_00000000000',TO_DATE('2026-01-10 09:00:00','YYYY-MM-DD HH24:MI:SS'));
INSERT INTO TB_CPYRHT_INFO(CPYRHT_ID,CPYRHT_PRTC_POLICY_CN,FRST_REGISTER_ID,FRST_REGIST_PNTTM) VALUES ('CPYRHT_0000000002','저작권 침해 신고는 관리자에게 문의하시기 바랍니다.','USRCNFRM_00000000000',TO_DATE('2026-01-11 10:00:00','YYYY-MM-DD HH24:MI:SS'));
INSERT INTO TB_CNSLT_LIST(CNSLT_ID,CNSLT_SJ,CNSLT_CN,OTHBC_AT,EMAIL_ADRES,FRST_REGISTER_ID,FRST_REGIST_PNTTM) VALUES ('CNSLT_00000000001','민원 처리 절차 문의','민원 접수 후 처리 기간이 궁금합니다.','Y','user1@example.com','USRCNFRM_00000000000',TO_DATE('2026-06-20 14:00:00','YYYY-MM-DD HH24:MI:SS'));
INSERT INTO TB_CNSLT_LIST(CNSLT_ID,CNSLT_SJ,CNSLT_CN,OTHBC_AT,EMAIL_ADRES,FRST_REGISTER_ID,FRST_REGIST_PNTTM) VALUES ('CNSLT_00000000002','공통컴포넌트 도입 상담','우리 기관에 도입하려면 어떻게 해야 하나요?','Y','user2@example.com','USRCNFRM_00000000000',TO_DATE('2026-06-22 11:00:00','YYYY-MM-DD HH24:MI:SS'));
INSERT INTO TB_BATCH_OPERT(BATCH_OPERT_ID,BATCH_OPERT_NM,BATCH_PROGRM,PARAMTR,USE_AT,FRST_REGISTER_ID,FRST_REGIST_PNTTM) VALUES ('BATCHOPERT_00001','일일 통계 집계','egovframework.batch.DailyStatsJob','target=bbs','Y','USRCNFRM_00000000000',TO_DATE('2026-05-01 09:00:00','YYYY-MM-DD HH24:MI:SS'));
INSERT INTO TB_BATCH_OPERT(BATCH_OPERT_ID,BATCH_OPERT_NM,BATCH_PROGRM,PARAMTR,USE_AT,FRST_REGISTER_ID,FRST_REGIST_PNTTM) VALUES ('BATCHOPERT_00002','임시파일 정리','/scripts/cleanup.sh','days=7','Y','USRCNFRM_00000000000',TO_DATE('2026-05-02 10:00:00','YYYY-MM-DD HH24:MI:SS'));
INSERT INTO TB_BATCH_SCHDUL(BATCH_SCHDUL_ID,BATCH_OPERT_ID,EXECUT_CYCLE,EXECUT_SCHDUL_DE,EXECUT_SCHDUL_HOUR,EXECUT_SCHDUL_MNT,EXECUT_SCHDUL_SECND,FRST_REGISTER_ID,FRST_REGIST_PNTTM) VALUES ('BATCHSCHDUL_0001','BATCHOPERT_00001','0','','02','00','00','USRCNFRM_00000000000',TO_DATE('2026-05-01 09:00:00','YYYY-MM-DD HH24:MI:SS'));
INSERT INTO TB_BATCH_SCHDUL(BATCH_SCHDUL_ID,BATCH_OPERT_ID,EXECUT_CYCLE,EXECUT_SCHDUL_DE,EXECUT_SCHDUL_HOUR,EXECUT_SCHDUL_MNT,EXECUT_SCHDUL_SECND,FRST_REGISTER_ID,FRST_REGIST_PNTTM) VALUES ('BATCHSCHDUL_0002','BATCHOPERT_00002','0','','03','30','00','USRCNFRM_00000000000',TO_DATE('2026-05-02 10:00:00','YYYY-MM-DD HH24:MI:SS'));
INSERT INTO TB_BATCH_RESULT(BATCH_RESULT_ID,BATCH_SCHDUL_ID,BATCH_OPERT_ID,PARAMTR,STTUS,EXECUT_BEGIN_TM,EXECUT_END_TM,FRST_REGISTER_ID,FRST_REGIST_PNTTM) VALUES ('BATCHRESULT_0001','BATCHSCHDUL_0001','BATCHOPERT_00001','target=bbs','S','20260629020000','20260629020135','USRCNFRM_00000000000',TO_DATE('2026-06-29 02:01:35','YYYY-MM-DD HH24:MI:SS'));
INSERT INTO TB_BATCH_RESULT(BATCH_RESULT_ID,BATCH_SCHDUL_ID,BATCH_OPERT_ID,PARAMTR,STTUS,ERROR_INFO,EXECUT_BEGIN_TM,EXECUT_END_TM,FRST_REGISTER_ID,FRST_REGIST_PNTTM) VALUES ('BATCHRESULT_0002','BATCHSCHDUL_0002','BATCHOPERT_00002','days=7','F','디스크 접근 권한 오류','20260629033000','20260629033002','USRCNFRM_00000000000',TO_DATE('2026-06-29 03:30:02','YYYY-MM-DD HH24:MI:SS'));
INSERT INTO TB_NCRD(NCRD_ID,NM,NCRD_TRGTER_ID,OTHBC_AT,EXTRL_USER_AT,CMPNY_NM,DEPT_NM,OFCPS_NM,MIDDLE_MBTLNUM,END_MBTLNUM,EMAIL_ADRES,FRST_REGISTER_ID,FRST_REGIST_PNTTM) VALUES ('NCRD_00000000001','홍길동','USRCNFRM_00000000000','Y','N','행정안전부','정보화담당관','사무관','1234','5678','hong@example.go.kr','USRCNFRM_00000000000',TO_DATE('2026-04-01 09:00:00','YYYY-MM-DD HH24:MI:SS'));
INSERT INTO TB_NCRD(NCRD_ID,NM,NCRD_TRGTER_ID,OTHBC_AT,EXTRL_USER_AT,CMPNY_NM,DEPT_NM,OFCPS_NM,MIDDLE_MBTLNUM,END_MBTLNUM,EMAIL_ADRES,FRST_REGISTER_ID,FRST_REGIST_PNTTM) VALUES ('NCRD_00000000002','김전자','USRCNFRM_00000000000','Y','N','한국지능정보사회진흥원','표준화팀','책임','2345','6789','kim@example.go.kr','USRCNFRM_00000000000',TO_DATE('2026-04-02 10:00:00','YYYY-MM-DD HH24:MI:SS'));
INSERT INTO TB_DAM_KNO_IFM(KNWLDG_ID,KNWLDG_NM,KNWLDG_CN,KNWLDG_TY_CODE,KNWLDG_EVL,OTHBC_AT,EVL_DE,FRST_REGISTER_ID,FRST_REGIST_PNTTM) VALUES ('KNO_00000000001','전자정부 표준프레임워크 도입 가이드','표준프레임워크 도입 절차와 체크리스트','01','1','Y','20260301','USRCNFRM_00000000000',TO_DATE('2026-03-01 09:00:00','YYYY-MM-DD HH24:MI:SS'));
INSERT INTO TB_DAM_KNO_IFM(KNWLDG_ID,KNWLDG_NM,KNWLDG_CN,KNWLDG_TY_CODE,KNWLDG_EVL,OTHBC_AT,EVL_DE,FRST_REGISTER_ID,FRST_REGIST_PNTTM) VALUES ('KNO_00000000002','공통컴포넌트 활용 사례','부서별 공통컴포넌트 적용 노하우','02','1','Y','20260315','USRCNFRM_00000000000',TO_DATE('2026-03-15 10:00:00','YYYY-MM-DD HH24:MI:SS'));
INSERT INTO TB_ADBK_MANAGE(ADBK_ID,ADBK_NM,OTHBC_SCOPE,USE_AT,WRTER_ID,FRST_REGISTER_ID,FRST_REGIST_PNTTM) VALUES ('ADBK_00000000001','전사 비상연락망','회사','Y','USRCNFRM_00000000000','USRCNFRM_00000000000',TO_DATE('2026-04-10 09:00:00','YYYY-MM-DD HH24:MI:SS'));
INSERT INTO TB_ADBK_MANAGE(ADBK_ID,ADBK_NM,OTHBC_SCOPE,USE_AT,WRTER_ID,FRST_REGISTER_ID,FRST_REGIST_PNTTM) VALUES ('ADBK_00000000002','정보화팀 연락처','회사','Y','USRCNFRM_00000000000','USRCNFRM_00000000000',TO_DATE('2026-04-12 10:00:00','YYYY-MM-DD HH24:MI:SS'));
INSERT INTO TB_COMMENT(ANSWER_NO,NTT_ID,BBS_ID,WRTER_ID,WRTER_NM,ANSWER,USE_AT,FRST_REGISTER_ID,FRST_REGIST_PNTTM) VALUES (1,1,'BBSMSTR_AAAAAAAAAAAA','USRCNFRM_00000000000','관리자','좋은 공지 감사합니다. 잘 확인했습니다.','Y','USRCNFRM_00000000000',TO_DATE('2026-06-20 10:00:00','YYYY-MM-DD HH24:MI:SS'));
INSERT INTO TB_COMMENT(ANSWER_NO,NTT_ID,BBS_ID,WRTER_ID,WRTER_NM,ANSWER,USE_AT,FRST_REGISTER_ID,FRST_REGIST_PNTTM) VALUES (2,1,'BBSMSTR_AAAAAAAAAAAA','USRCNFRM_00000000000','관리자','내용 중 일정 부분 다시 안내 부탁드립니다.','Y','USRCNFRM_00000000000',TO_DATE('2026-06-21 14:30:00','YYYY-MM-DD HH24:MI:SS'));
INSERT INTO TB_MEMO_TODO(TODO_ID,TODO_SJ,TODO_CN,TODO_BEGIN_TIME,TODO_END_TIME,WRTER_ID,FRST_REGISTER_ID,FRST_REGIST_PNTTM) VALUES ('TODO_00000000001','공통컴포넌트 검토 보고서 작성','Boot 전환 검토 결과 정리','2026-07-01 09:00','2026-07-01 18:00','USRCNFRM_00000000000','USRCNFRM_00000000000',TO_DATE('2026-06-30 09:00:00','YYYY-MM-DD HH24:MI:SS'));
INSERT INTO TB_MEMO_TODO(TODO_ID,TODO_SJ,TODO_CN,TODO_BEGIN_TIME,TODO_END_TIME,WRTER_ID,FRST_REGISTER_ID,FRST_REGIST_PNTTM) VALUES ('TODO_00000000002','월간 회의 준비','7월 정기회의 안건 정리','2026-07-03 14:00','2026-07-03 16:00','USRCNFRM_00000000000','USRCNFRM_00000000000',TO_DATE('2026-06-30 10:00:00','YYYY-MM-DD HH24:MI:SS'));
INSERT INTO TB_SCHDUL_INFO(SCHDUL_ID,SCHDUL_SE,SCHDUL_KND_CODE,SCHDUL_BEGINDE,SCHDUL_ENDDE,SCHDUL_NM,SCHDUL_CN,SCHDUL_PLACE,SCHDUL_CHARGER_ID,FRST_REGISTER_ID,FRST_REGIST_PNTTM) VALUES ('SCHDUL_0000000001','1','01',TO_DATE('2026-07-05 09:00:00','YYYY-MM-DD HH24:MI:SS'),TO_DATE('2026-07-05 18:00:00','YYYY-MM-DD HH24:MI:SS'),'정보화 전략 워크숍','하반기 정보화 전략 수립','본관 대회의실','USRCNFRM_00000000000','USRCNFRM_00000000000',TO_DATE('2026-06-20 09:00:00','YYYY-MM-DD HH24:MI:SS'));
INSERT INTO TB_SCHDUL_INFO(SCHDUL_ID,SCHDUL_SE,SCHDUL_KND_CODE,SCHDUL_BEGINDE,SCHDUL_ENDDE,SCHDUL_NM,SCHDUL_CN,SCHDUL_PLACE,SCHDUL_CHARGER_ID,FRST_REGISTER_ID,FRST_REGIST_PNTTM) VALUES ('SCHDUL_0000000002','1','02',TO_DATE('2026-07-10 10:00:00','YYYY-MM-DD HH24:MI:SS'),TO_DATE('2026-07-12 17:00:00','YYYY-MM-DD HH24:MI:SS'),'공통컴포넌트 교육','Boot 공통컴포넌트 사용 교육','교육장 3실','USRCNFRM_00000000000','USRCNFRM_00000000000',TO_DATE('2026-06-22 10:00:00','YYYY-MM-DD HH24:MI:SS'));
